"date","vote","result"
"20.02.1994","Bundesbeschluss über die Weiterführung der Nationalstrassenabgabe","Die Vorlage wurde angenommen"
"20.02.1994","Bundesbeschluss über die Weiterführung der Schwerverkehrsabgabe","Die Vorlage wurde angenommen"
"20.02.1994","Bundesbeschluss über die Einführung einer leistungs- oder verbrauchsabhängigen Schwerverkehrsabgabe","Die Vorlage wurde angenommen"
"20.02.1994","Eidgenössische Volksinitiative 'zum Schutze des Alpengebietes vor dem Transitverkehr'","Die Vorlage wurde angenommen"
"20.02.1994","Luftfahrtgesetz (LFG), Aenderung vom 18. Juni 1993","Die Vorlage wurde angenommen"
"12.06.1994","Bundesbeschluss über einen Kulturförderungsartikel in der Bundesverfassung (Art. 27septies BV)","Die Vorlage wurde abgelehnt"
"12.06.1994","Bundesbeschluss über die Revision der Bürgerrechtsregelung in der Bundesverfassung (Erleichterte Einbürgerung für junge Ausländer)","Die Vorlage wurde abgelehnt"
"12.06.1994","Bundesgesetz über schweizerische Truppen für friedenserhaltende Operationen (BTFO)","Die Vorlage wurde abgelehnt"
"25.09.1994","Bundesbeschluss über die Aufhebung der Verbilligung von inländischem Brotgetreide aus Zolleinnahmen","Die Vorlage wurde angenommen"
"25.09.1994","Schweizerisches Strafgesetzbuch Militärstrafgesetz, Aenderung vom 18. Juni 1993","Die Vorlage wurde angenommen"
"04.12.1994","Bundesgesetz über die Krankenversicherung (KVG)","Die Vorlage wurde angenommen"
"04.12.1994","Eidgenössische Volksinitiative 'für eine gesunde Krankenversicherung'","Die Vorlage wurde abgelehnt"
"04.12.1994","Bundesgesetz über Zwangsmassnahmen im Ausländerrecht","Die Vorlage wurde angenommen"
"12.03.1995","Bundesbeschluss über die Volksinitiative 'für eine umweltgerechte und leistungsfähige bäuerliche Landwirtschaft' (Gegenentwurf)","Die Vorlage wurde abgelehnt"
"12.03.1995","Milchwirtschaftsbeschluss 1988 (MWB 1988), Aenderung vom 18. März 1994","Die Vorlage wurde abgelehnt"
"12.03.1995","Landwirtschaftsgesetz, Aenderung vom 8. Oktober 1993","Die Vorlage wurde abgelehnt"
"12.03.1995","Bundesbeschluss über eine Ausgabenbremse","Die Vorlage wurde angenommen"
"25.06.1995","Bundesgesetz über die Alters- und Hinterlassenenversicherung, Aenderung vom 7. Oktober 1994","Die Vorlage wurde angenommen"
"25.06.1995","Eidgenössische Volksinitiative 'zum Ausbau von AHV und IV'","Die Vorlage wurde abgelehnt"
"25.06.1995","Bundesgesetz über den Erwerb von Grundstücken durch Personen im Ausland, Aenderung vom 7. Oktober 1994","Die Vorlage wurde abgelehnt"
"10.03.1996","Bundesbeschluss über die Revision des Sprachenartikels in der Bundesverfassung (Art. 116 BV)","Die Vorlage wurde angenommen"
"10.03.1996","Bundesbeschluss über den Uebertritt der bernischen Gemeinde Vellerat zum Kanton Jura","Die Vorlage wurde angenommen"
"10.03.1996","Bundesbeschluss über die Aufhebung der kantonalen Zuständigkeit im Bereich der persönlichen Ausrüstung der Armeeangehörigen","Die Vorlage wurde abgelehnt"
"10.03.1996","Bundesbeschluss über die Aufhebung der Pflicht zum Ankauf von Brennapparaten und zur Uebernahme von Branntwein","Die Vorlage wurde angenommen"
"10.03.1996","Bundesbeschluss über die Aufhebung der Bundesbeiträge an Bahnhofparkplatzanlagen","Die Vorlage wurde angenommen"
"09.06.1996","Gegenentwurf der Bundesversammlung vom 21. Dezember 1995 zur Volksinitiative 'Bauern und Konsumenten - für eine naturnahe Landwirtschaft'","Die Vorlage wurde angenommen"
"09.06.1996","Regierungs- und Verwaltungsorganisationsgesetz (RVOG) vom 6. Oktober 1995","Die Vorlage wurde abgelehnt"
"01.12.1996","Bundesbeschluss über die Volksinitiative 'gegen die illegale Einwanderung'","Die Vorlage wurde abgelehnt"
"01.12.1996","Bundesgesetz über die Arbeit in Industrie, Gewerbe und Handel (Arbeitsgesetz), Aenderung vom 22. März 1996","Die Vorlage wurde abgelehnt"
"08.06.1997","Eidgenössische Volksinitiative 'EU-Beitrittsverhandlungen vors Volk!'","Die Vorlage wurde abgelehnt"
"08.06.1997","Eidgenössische Volksinitiative 'für ein Verbot der Kriegsmaterialausfuhr'","Die Vorlage wurde abgelehnt"
"08.06.1997","Bundesbeschluss über die Aufhebung des Pulverregals","Die Vorlage wurde angenommen"
"28.09.1997","Bundesbeschluss vom 13. Dezember 1996 über die Finanzierung der Arbeitslosenversicherung","Die Vorlage wurde abgelehnt"
"28.09.1997","Volksinitiative 'Jugend ohne Drogen'","Die Vorlage wurde abgelehnt"
"07.06.1998","Bundesbeschluss über Massnahmen zum Haushaltausgleich","Die Vorlage wurde angenommen"
"07.06.1998","Volksinitiative 'zum Schutz von Leben und Umwelt vor Genmanipulation (Gen-Schutz-Initiative)'","Die Vorlage wurde abgelehnt"
"07.06.1998","Volksinitiative 'S.o.S. - Schweiz ohne Schnüffelpolizei'","Die Vorlage wurde abgelehnt"
"27.09.1998","Bundesgesetz über eine leistungsabhängige Schwerverkehrsabgabe (Schwerverkehrsabgabegesetz, SVAG)","Die Vorlage wurde angenommen"
"27.09.1998","Volksinitiative 'für preisgünstige Nahrungsmittel und ökologische Bauernhöfe'","Die Vorlage wurde abgelehnt"
"27.09.1998","Volksinitiative 'für die 10. AHV-Revision ohne Erhöhung des Rentenalters'","Die Vorlage wurde abgelehnt"
"29.11.1998","Bundesbeschluss über Bau und Finanzierung von Infrastrukturvorhaben des öffentlichen Verkehrs","Die Vorlage wurde angenommen"
"29.11.1998","Bundesbeschluss über einen befristet geltenden, neuen Getreideartikel","Die Vorlage wurde angenommen"
"29.11.1998","Eidgenössische Volksinitiative 'für eine vernünftige Drogenpolitik'","Die Vorlage wurde abgelehnt"
"29.11.1998","Bundesgesetz über die Arbeit in Industrie, Gewerbe und Handel (Arbeitsgesetz)","Die Vorlage wurde angenommen"
"07.02.1999","Bundesbeschluss über die Aenderung der Voraussetzungen für die Wählbarkeit in den Bundesrat","Die Vorlage wurde angenommen"
"07.02.1999","Bundesbeschluss betreffend die Verfassungsbestimmung über die Transplantationsmedizin","Die Vorlage wurde angenommen"
"07.02.1999","Eidgenössische Volksinitiative 'Wohneigentum für alle'","Die Vorlage wurde abgelehnt"
"07.02.1999","Bundesgesetz über die Raumplanung (RPG), Aenderung vom 20. März 1998","Die Vorlage wurde angenommen"
"18.04.1999","Bundesbeschluss über eine neue Bundesverfassung","Die Vorlage wurde angenommen"
"13.06.1999","Asylgesetz (AsylG)","Die Vorlage wurde angenommen"
"13.06.1999","Bundesbeschluss über dringliche Massnahmen im Asyl- und Ausländerbereich (BMA)","Die Vorlage wurde angenommen"
"13.06.1999","Bundesbeschluss über die ärztliche Verschreibung von Heroin","Die Vorlage wurde angenommen"
"13.06.1999","Bundesgesetz über die Invalidenversicherung","Die Vorlage wurde abgelehnt"
"13.06.1999","Bundesgesetz über die Mutterschaftsversicherung","Die Vorlage wurde abgelehnt"
"12.03.2000","Bundesbeschluss über die Reform der Justiz","Die Vorlage wurde angenommen"
"12.03.2000","Eidgenössische Volksinitiative 'für Beschleunigung der direkten Demokratie (Behandlungsfristen für Volksinitiativen in Form eines ausgearbeiteten Entwurfs)'","Die Vorlage wurde abgelehnt"
"12.03.2000","Eidgenössische Volksinitiative 'für eine gerechte Vertretung der Frauen in den Bundesbehörden (Initiative 3. März)'","Die Vorlage wurde abgelehnt"
"12.03.2000","Eidgenössische Volksinitiative 'zum Schutze des Menschen vor Manipulationen in der Fortpflanzungstechnologie (Initiative für menschenwürdige Fortpflanzung [FMF])'","Die Vorlage wurde abgelehnt"
"12.03.2000","Eidgenössische Volksinitiative 'für die Halbierung des motorisierten Strassenverkehrs zur Erhaltung und Verbesserung von Lebensräumen (Verkehrshalbierungs-Initiative)'","Die Vorlage wurde abgelehnt"
"21.05.2000","Bundesbeschluss über die Genehmigung der sektoriellen Abkommen zwischen der Schweizerischen Eidgenossenschaft einerseits und der Europäischen Gemeinschaft sowie gegebenenfalls ihren Mitgliedstaaten oder der Europäischen Atomgemeinschaft andererseits","Die Vorlage wurde angenommen"
"24.09.2000","Volksinitiative 'für einen Solarrappen (Solar-Initiative)'","Die Vorlage wurde abgelehnt"
"24.09.2000","Verfassungsartikel über eine Förderabgabe für erneuerbare Energien (Gegenentwurf zur Volksinitiative 'für einen Solarrappen (Solar-Initiative)')","Die Vorlage wurde abgelehnt"
"24.09.2000","Verfassungsartikel über eine Energielenkungsabgabe für die Umwelt (Gegenentwurf zur zurückgezogenen 'Energie-Umwelt-Initiative')","Die Vorlage wurde abgelehnt"
"24.09.2000","Volksinitiative 'für eine Regelung der Zuwanderung'","Die Vorlage wurde abgelehnt"
"24.09.2000","Volksinitiative 'Mehr Rechte für das Volk dank dem Referendum mit Gegenvorschlag (Konstruktives Referendum)'","Die Vorlage wurde abgelehnt"
"26.11.2000","Volksinitiative 'für eine Flexibilisierung der AHV - gegen die Erhöhung des Rentenalters für Frauen'","Die Vorlage wurde abgelehnt"
"26.11.2000","Volksinitiative 'für ein flexibles Rentenalter ab 62 für Frau und Mann'","Die Vorlage wurde abgelehnt"
"26.11.2000","Volksinitiative 'Sparen beim Militär und der Gesamtverteidigung - für mehr Frieden und zukunftsgerichtete Arbeitsplätze (Umverteilungsinitiative)'","Die Vorlage wurde abgelehnt"
"26.11.2000","Volksinitiative 'für tiefere Spitalkosten'","Die Vorlage wurde abgelehnt"
"26.11.2000","Bundespersonalgesetz (BPG)","Die Vorlage wurde angenommen"
"04.03.2001","Eidgenössische Volksinitiative 'Ja zu Europa'","Die Vorlage wurde abgelehnt"
"04.03.2001","Eidgenössische Volksinitiative 'für tiefere Arzneimittelpreise'","Die Vorlage wurde abgelehnt"
"04.03.2001","Eidgenössische Volksinitiative 'für mehr Verkehrssicherheit durch Tempo 30 innerorts mit Ausnahmen (Strassen für alle)'","Die Vorlage wurde abgelehnt"
"10.06.2001","Aenderung vom 06.10.2000 des Bundesgesetzes über die Armee und die Militärverwaltung (Militärgesetz, MG) (Bewaffnung)","Die Vorlage wurde angenommen"
"10.06.2001","Aenderung vom 06.10.2000 des Bundesgesetzes über die Armee und die Militärverwaltung (Militärgesetz, MG) (Ausbildungszusammenarbeit)","Die Vorlage wurde angenommen"
"10.06.2001","Bundesbeschluss vom 15. Dezember 2000 über die Aufhebung der Genehmigungspflicht für die Errichtung von Bistümern","Die Vorlage wurde angenommen"
"02.12.2001","Bundesbeschluss über eine Schuldenbremse","Die Vorlage wurde angenommen"
"02.12.2001","Volksinitiative 'für eine gesicherte AHV - Energie statt Arbeit besteuern!'","Die Vorlage wurde abgelehnt"
"02.12.2001","Volksinitiative 'für eine glaubwürdige Sicherheitspolitik und eine Schweiz ohne Armee'","Die Vorlage wurde abgelehnt"
"02.12.2001","Volksinitiative 'Solidarität schafft Sicherheit: Für einen freiwilligen Zivilen Friedensdienst (ZFD)'","Die Vorlage wurde abgelehnt"
"02.12.2001","Volksinitiative 'für eine Kapitalgewinnsteuer'","Die Vorlage wurde abgelehnt"
"03.03.2002","Eidgenössische Volksinitiative 'für den Beitritt der Schweiz zur Organisation der Vereinten Nationen (UNO)'","Die Vorlage wurde angenommen"
"03.03.2002","Eidgenössische Volksinitiative 'für eine kürzere Arbeitszeit'","Die Vorlage wurde abgelehnt"
"02.06.2002","Aenderung des Schweizerischen Strafgesetzbuches (Schwangerschaftsabbruch)","Die Vorlage wurde angenommen"
"02.06.2002","Volksinitiative 'für Mutter und Kind - für den Schutz des ungeborenen Kindes und für die Hilfe an seine Mutter in Not'","Die Vorlage wurde abgelehnt"
"22.09.2002","Volksinitiative 'Ueberschüssige Goldreserven in den AHV-Fonds (Goldinitiative)'","Die Vorlage wurde abgelehnt"
"22.09.2002","'Gold für AHV, Kantone und Stiftung' (Gegenentwurf zur Volksinitiative 'Ueberschüssige Goldreserven in den AHV-Fonds (Goldinitiative)')","Die Vorlage wurde abgelehnt"
"22.09.2002","Elektrizitätsmarktgesetz (EMG)","Die Vorlage wurde abgelehnt"
"24.11.2002","Volksinitiative 'gegen Asylrechtsmissbrauch'","Die Vorlage wurde abgelehnt"
"24.11.2002","Aenderung des Bundesgesetzes über die obligatorische Arbeitslosenversicherung und die Insolvenzentschädigung (Arbeitslosenversicherungsgesetz, AVIG)","Die Vorlage wurde angenommen"
"09.02.2003","Bundesbeschluss über die Aenderung der Volksrechte","Die Vorlage wurde angenommen"
"09.02.2003","Bundesgesetz über die Anpassung der kantonalen Beiträge für die innerkantonalen stationären Behandlungen nach dem Bundesgesetz über die Krankenversicherung","Die Vorlage wurde angenommen"
"18.05.2003","Bundesgesetz über die Armee und die Militärverwaltung (Militärgesetz, MG), Aenderung","Die Vorlage wurde angenommen"
"18.05.2003","Bundesgesetz über den Bevölkerungsschutz und den Zivilschutz (Bevölkerungs- und Zivilschutzgesetz, BZG)","Die Vorlage wurde angenommen"
"18.05.2003","Volksinitiative 'Ja zu fairen Mieten'","Die Vorlage wurde abgelehnt"
"18.05.2003","Volksinitiative 'für einen autofreien Sonntag pro Jahreszeit - ein Versuch für vier Jahre (Sonntags-Initiative)'","Die Vorlage wurde abgelehnt"
"18.05.2003","Volksinitiative 'Gesundheit muss bezahlbar bleiben (Gesundheitsinitiative)'","Die Vorlage wurde abgelehnt"
"18.05.2003","Volksinitiative 'Gleiche Rechte für Behinderte'","Die Vorlage wurde abgelehnt"
"18.05.2003","Volksinitiative 'Strom ohne Atom - Für eine Energiewende und schrittweise Stilllegung der Atomkraftwerke (Strom ohne Atom)'","Die Vorlage wurde abgelehnt"
"18.05.2003","Volksinitiative 'Moratorium Plus - Für die Verlängerung des Atomkraftwerk-Baustopps und die Begrenzung des Atomrisikos (MoratoriumPlus)'","Die Vorlage wurde abgelehnt"
"18.05.2003","Volksinitiative 'für ein ausreichendes Berufsbildungsangebot (Lehrstellen-Initiative)'","Die Vorlage wurde abgelehnt"
"08.02.2004","Gegenentwurf der Bundesversammlung vom 03.10.2003 zur Volksinitiative 'Avanti - für sichere und leistungsfähige Autobahnen'","Die Vorlage wurde abgelehnt"
"08.02.2004","Änderung vom 13.12.2002 des Obligationenrechts (Miete)","Die Vorlage wurde abgelehnt"
"08.02.2004","Volksinitiative vom 03.05.2000 'Lebenslange Verwahrung für nicht therapierbare, extrem gefährliche Sexual- und Gewaltstraftäter'","Die Vorlage wurde angenommen"
"16.05.2004","Aenderung vom 03.10.2003 des Bundesgesetzes über die Alters- und Hinterlassenenversicherung (AHVG) (11. AHV-Revision)","Die Vorlage wurde abgelehnt"
"16.05.2004","Bundesbeschluss vom 03.10.2003 über die Finanzierung der AHV/IV durch Anhebung der Mehrwertsteuersätze","Die Vorlage wurde abgelehnt"
"16.05.2004","Bundesgesetz vom 20.06.2003 über die Änderung von Erlassen im Bereich der Ehe- und Familienbesteuerung, der Wohneigentumsbesteuerung und der Stempelabgaben","Die Vorlage wurde abgelehnt"
"26.09.2004","Bundesbeschluss vom 03.10.2003 über die ordentliche Einbürgerung sowie über die erleichterte Einbürgerung junger Ausländerinnen und Ausländer der zweiten Generation","Die Vorlage wurde abgelehnt"
"26.09.2004","Bundesbeschluss vom 03.10.2003 über den Bürgerrechtserwerb von Ausländerinnen und Ausländern der dritten Generation","Die Vorlage wurde abgelehnt"
"26.09.2004","Volksinitiative vom 26.04.2002 'Postdienste für alle'","Die Vorlage wurde abgelehnt"
"26.09.2004","Änderung vom 03.10.2003 des Bundesgesetzes über die Erwerbsersatzordnung für Dienstleistende in Armee, Zivildienst und Zivilschutz (Erwerbsersatzgesetz, EOG)","Die Vorlage wurde angenommen"
"28.11.2004","Bundesbeschluss vom 03.10.2003 zur Neugestaltung des Finanzausgleichs und der Aufgabenteilung zwischen Bund und Kantonen (NFA)","Die Vorlage wurde angenommen"
"28.11.2004","Bundesbeschluss vom 19.03.2004 über eine neue Finanzordnung","Die Vorlage wurde angenommen"
"28.11.2004","Bundesgesetz vom 19.12.2003 über die Forschung an embryonalen Stammzellen (Stammzellenforschungsgesetz, StFG)","Die Vorlage wurde angenommen"
"05.06.2005","Bundesbeschluss vom 17.12.2004 über die Genehmigung und die Umsetzung der bilateralen Abkommen zwischen der Schweiz und der EU über die Assoziierung an Schengen und an Dublin","Die Vorlage wurde angenommen"
"05.06.2005","Bundesgesetz vom 18.06.2004 über die eingetragene Partnerschaft gleichgeschlechtlicher Paare (Partnerschaftsgesetz, PartG)","Die Vorlage wurde angenommen"
"25.09.2005","Bundesbeschluss über die Genehmigung und Umsetzung des Protokolls über die Ausdehnung des Freizügigkeitsabkommens auf die neuen EG-Mitgliedstaaten zwischen der Schweizerischen Eidgenossenschaft einerseits und der Europäischen Gemeinschaft und ihren Mitgliedstaaten andererseits sowie über die Genehmigung der Revision der flankierenden Massnahmen zur Personenfreizügigkeit","Die Vorlage wurde angenommen"
"27.11.2005","Bundesbeschluss über die Volksinitiative «für Lebensmittel aus gentechnikfreier Landwirtschaft»","Die Vorlage wurde angenommen"
"27.11.2005","Bundesgesetz über die Arbeit in Industrie, Gewerbe und Handel (Arbeitsgesetz)","Die Vorlage wurde angenommen"
"21.05.2006","Bundesbeschluss vom 16.12.2005 über die Neuordnung der Verfassungsbestimmungen zur Bildung","Die Vorlage wurde angenommen"
"24.09.2006","Volksinitiative vom 09.10.2002 'Nationalbankgewinne für die AHV'","Die Vorlage wurde abgelehnt"
"24.09.2006","Bundesgesetz vom 16.12.2005 über die Ausländerinnen und Ausländer (AuG)","Die Vorlage wurde angenommen"
"24.09.2006","Aenderung vom 16.12.2005 des Asylgesetzes (AsylG)","Die Vorlage wurde angenommen"
"26.11.2006","Bundesgesetz vom 24.03.2006 über die Zusammenarbeit mit den Staaten Osteuropas","Die Vorlage wurde angenommen"
"26.11.2006","Bundesgesetz vom 24.03.2006 über die Familienzulagen (Familienzulagengesetz, FamZG)","Die Vorlage wurde angenommen"
"11.03.2007","Volksinitiative vom 09.12.2004 'Für eine soziale Einheitskrankenkasse'","Die Vorlage wurde abgelehnt"
"17.06.2007","Änderung vom 6.10.2006 des Bundesgesetzes über die Invalidenversicherung (IVG)","Die Vorlage wurde angenommen"
"24.02.2008","Volksinitiative vom 03.11.2005 'Gegen Kampfjetlärm in Tourismusgebieten'","Die Vorlage wurde abgelehnt"
"24.02.2008","Bundesgesetz vom 23.03.2007 über die Verbesserung der steuerlichen Rahmenbedingungen für unternehmerische Tätigkeiten und Investitionen (Unternehmenssteuerreformgesetz II)","Die Vorlage wurde angenommen"
"01.06.2008","Volksinitiative vom 18.11.2005 'für demokratische Einbürgerungen'","Die Vorlage wurde abgelehnt"
"01.06.2008","Volksinitiative vom 11.08.2004 'Volkssouveränität statt Behördenpropaganda'","Die Vorlage wurde abgelehnt"
"01.06.2008","Verfassungsartikel vom 21.12.2007 'Für Qualität und Wirtschaftlichkeit in der Krankenversicherung'","Die Vorlage wurde abgelehnt"
"30.11.2008","Volksinitiative vom 01.03.2006 'für die Unverjährbarkeit pornografischer Straftaten an Kindern'","Die Vorlage wurde angenommen"
"30.11.2008","Volksinitiative vom 28.03.2006 'Für ein flexibles AHV-Alter'","Die Vorlage wurde abgelehnt"
"30.11.2008","Volksinitiative vom 11.05.2006 'Verbandsbeschwerderecht: Schluss mit der Verhinderungspolitik – Mehr Wachstum für die Schweiz!'","Die Vorlage wurde abgelehnt"
"30.11.2008","Volksinitiative vom 13.01.2006 'für eine vernünftige Hanf-Politik mit wirksamem Jugendschutz'","Die Vorlage wurde abgelehnt"
"30.11.2008","Änderung vom 20.03.2008 des Bundesgesetzes über die Betäubungsmittel und die psychotropen Stoffe (Betäubungsmittelgesetz, BetmG)","Die Vorlage wurde angenommen"
"08.02.2009","Bundesbeschluss vom 13.06.2008 über die Genehmigung der Weiterführung des Freizügigkeitsabkommens zwischen der Schweiz und der Europäischen Gemeinschaft und ihren Mitgliedstaaten sowie über die Genehmigung und die Umsetzung des Protokolls über die Ausdehnung des Freizügigkeitsabkommens auf Bulgarien und Rumänien","Die Vorlage wurde angenommen"
"17.05.2009","Verfassungsartikel vom 03.10.2008 'Zukunft mit Komplementärmedizin'","Die Vorlage wurde angenommen"
"17.05.2009","Bundesbeschluss vom 13.06.2008 über die Genehmigung und die Umsetzung des Notenaustauschs zwischen der Schweiz und der Europäischen Gemeinschaft betreffend die Übernahme der Verordnung (EG) Nr. 2252/2004 über biometrische Pässe und Reisedokumente (Weiterentwicklung des Schengen-Besitzstands)","Die Vorlage wurde angenommen"
"27.09.2009","Bundesbeschluss vom 13.06.2008 über eine befristete Zusatzfinanzierung der Invalidenversicherung durch Anhebung der Mehrwertsteuersätze, geändert durch den Bundesbeschluss vom 12.06.2009 über die Änderung dieses Beschlusses","Die Vorlage wurde angenommen"
"27.09.2009","Bundesbeschluss vom 19.12.2008 über den Verzicht auf die Einführung der allgemeinen Volksinitiative","Die Vorlage wurde angenommen"
"29.11.2009","Bundesbeschluss vom 03.10.2008 zur Schaffung einer Spezialfinanzierung für Aufgaben im Luftverkehr","Die Vorlage wurde angenommen"
"29.11.2009","Volksinitiative vom 21.09.2007 'Für ein Verbot von Kriegsmaterial-Exporten'","Die Vorlage wurde abgelehnt"
"29.11.2009","Volksinitiative vom 08.07.2008 'Gegen den Bau von Minaretten'","Die Vorlage wurde angenommen"
"07.03.2010","Bundesbeschluss vom 25.09.2009 zu einem Verfassungsartikel über die Forschung am Menschen","Die Vorlage wurde angenommen"
"07.03.2010","Volksinitiative vom 26.07.2007 'Gegen Tierquälerei und für einen besseren Rechtsschutz der Tiere (Tierschutzanwalt-Initiative)'","Die Vorlage wurde abgelehnt"
"07.03.2010","Änderung vom 19.12.2008 des Bundesgesetzes über die berufliche Alters-, Hinterlassenen- und Invalidenvorsorge (BVG) (Mindestumwandlungssatz)","Die Vorlage wurde abgelehnt"
"26.09.2010","Änderung vom 19.03.2010 des Bundesgesetzes über die obligatorische Arbeitslosenversicherung und die Insolvenzentschädigung (Arbeitslosenversicherungsgesetz, AVIG)","Die Vorlage wurde angenommen"
"28.11.2010","Volksinitiative vom 15.02.2008 'Für die Ausschaffung krimineller Ausländer (Ausschaffungsinitiative)'","Die Vorlage wurde angenommen"
"28.11.2010","Bundesbeschluss vom 10.06.2010 über die Aus- und Wegweisung krimineller Ausländerinnen und Ausländer im Rahmen der Bundesverfassung (Gegenentwurf zur Volksinitiative 'für die Ausschaffung krimineller Ausländer [Ausschaffungsinitiative]')","Die Vorlage wurde abgelehnt"
"28.11.2010","Volksinitiative vom 06.05.2008 'Für faire Steuern. Stopp dem Missbrauch beim Steuerwettbewerb (Steuergerechtigkeits-Initiative)'","Die Vorlage wurde abgelehnt"
"13.02.2011","Volksinitiative vom 23.02.2009 'Für den Schutz vor Waffengewalt'","Die Vorlage wurde abgelehnt"
"11.03.2012","Volksinitiative vom 18.12.2007 'Schluss mit uferlosem Bau von Zweitwohnungen!'","Die Vorlage wurde angenommen"
"11.03.2012","Volksinitiative vom 29.09.2008 'für ein steuerlich begünstigtes Bausparen zum Erwerb von selbst genutztem Wohneigentum und zur Finanzierung von baulichen Energiespar- und Umweltschutzmassnahmen (Bauspar-Initiative)'","Die Vorlage wurde abgelehnt"
"11.03.2012","Volksinitiative vom 26.06.2009 '6 Wochen Ferien für alle'","Die Vorlage wurde abgelehnt"
"11.03.2012","Bundesbeschluss vom 29.09.2011 über die Regelung der Geldspiele zugunsten gemeinnütziger Zwecke (Gegenentwurf zur Volksinitiative 'Für Geldspiele im Dienste des Gemeinwohls')","Die Vorlage wurde angenommen"
"11.03.2012","Bundesgesetz 18.03.2011 über die Buchpreisbindung (BuPG)","Die Vorlage wurde abgelehnt"
"17.06.2012","Volksinitiative vom 23.01.2009 'Eigene vier Wände dank Bausparen'","Die Vorlage wurde abgelehnt"
"17.06.2012","Volksinitiative vom 11.08.2009 'Für die Stärkung der Volksrechte in der Aussenpolitik (Staatsverträge vors Volk!)'","Die Vorlage wurde abgelehnt"
"17.06.2012","Änderung vom 30.09.2011 des Bundesgesetzes über die Krankenversicherung (KVG) (Managed Care)","Die Vorlage wurde abgelehnt"
"23.09.2012","Bundesbeschluss über die Jugendmusikförderung (Gegenentwurf zur Volksinitiative 'jugend + musik')","Die Vorlage wurde angenommen"
"23.09.2012","Volksinitiative vom 23.01.2009 'Sicheres Wohnen im Alter'","Die Vorlage wurde abgelehnt"
"23.09.2012","Volksinitiative vom 18.05.2010 'Schutz vor Passivrauchen'","Die Vorlage wurde abgelehnt"
"25.11.2012","Änderung vom 16.03.2012 des Tierseuchengesetzes (TSG)","Die Vorlage wurde angenommen"
"03.03.2013","Bundesbeschluss vom 15.06.2012 über die Familienpolitik","Die Vorlage wurde abgelehnt"
"03.03.2013","Volksinitiative vom 26.02.2008 'gegen die Abzockerei'","Die Vorlage wurde angenommen"
"03.03.2013","Änderung vom 15.06.2012 des Bundesgesetzes über die Raumplanung (Raumplanungsgesetz, RPG)","Die Vorlage wurde angenommen"
"09.06.2013","Volksinitiative vom 07.07.2011 'Volkswahl des Bundesrates'","Die Vorlage wurde abgelehnt"
"09.06.2013","Änderung vom 28.09.2012 des Asylgesetzes (AsylG) (Dringliche Änderungen des Asylgesetzes)","Die Vorlage wurde angenommen"
"22.09.2013","Volksinitiative vom 05.01.2012 'Ja zur Aufhebung der Wehrpflicht'","Die Vorlage wurde abgelehnt"
"22.09.2013","Bundesgesetz vom 28.09.2012 über die Bekämpfung übertragbarer Krankheiten des Menschen (Epidemiengesetz, EpG)","Die Vorlage wurde angenommen"
"22.09.2013","Änderung vom 14.12.2012 des Bundesgesetzes über die Arbeit in Industrie, Gewerbe und Handel (Arbeitsgesetz, ArG)","Die Vorlage wurde angenommen"
"24.11.2013","Volksinitiative vom 21.03.2011 «1:12 - Für gerechte Löhne»","Die Vorlage wurde abgelehnt"
"24.11.2013","Volksinitiative vom 12.07.2011 «Familieninitiative: Steuerabzüge auch für Eltern, die ihre Kinder selber betreuen»","Die Vorlage wurde abgelehnt"
"24.11.2013","Änderung vom 22.03.2013 des Bundesgesetzes über die Abgabe für die Benützung von Nationalstrassen (Nationalstrassenabgabegesetz, NSAG)","Die Vorlage wurde abgelehnt"
"09.02.2014","Bundesbeschluss vom 20.06.2013 über die Finanzierung und den Ausbau der Eisenbahninfrastruktur (direkter Gegenentwurf zur Volksinitiative «Für den öffentlichen Verkehr»)","Die Vorlage wurde angenommen"
"09.02.2014","Volksinitiative vom 04.07.2011 «Abtreibungsfinanzierung ist Privatsache – Entlastung der Krankenversicherung durch Streichung der Kosten des Schwangerschaftsabbruchs aus der obligatorischen Grundversicherung»","Die Vorlage wurde abgelehnt"
"09.02.2014","Volksinitiative vom 14.02.2012 «Gegen Masseneinwanderung»","Die Vorlage wurde angenommen"
"18.05.2014","Bundesbeschluss vom 19.09.2013 über die medizinische Grundversorgung (Direkter Gegenentwurf zur Volksinitiative «Ja zur Hausarztmedizin»)","Die Vorlage wurde angenommen"
"18.05.2014","Volksinitiative vom 20.04.2011 «Pädophile sollen nicht mehr mit Kindern arbeiten dürfen»","Die Vorlage wurde angenommen"
"18.05.2014","Volksinitiative vom 23.01.2012 «Für den Schutz fairer Löhne (Mindestlohn-Initiative)»","Die Vorlage wurde abgelehnt"
"18.05.2014","Bundesgesetz vom 27.09.2013 über den Fonds zur Beschaffung des Kampfflugzeugs Gripen (Gripen-Fonds-Gesetz)","Die Vorlage wurde abgelehnt"
"28.09.2014","Volksinitiative vom 21.09.2011 «Schluss mit der MwSt-Diskriminierung des Gastgewerbes!»","Die Vorlage wurde abgelehnt"
"28.09.2014","Volksinitiative vom 23.05.2012 «Für eine öffentliche Krankenkasse»","Die Vorlage wurde abgelehnt"
"30.11.2014","Volksinitiative vom 19.10.2012 «Schluss mit den Steuerprivilegien für Millionäre (Abschaffung der Pauschalbesteuerung)»","Die Vorlage wurde abgelehnt"
"30.11.2014","Volksinitiative vom 02.11.2012 «Stopp der Überbevölkerung – zur Sicherung der natürlichen Lebensgrundlagen»","Die Vorlage wurde abgelehnt"
"30.11.2014","Volksinitiative vom 20.03.2013 «Rettet unser Schweizer Gold (Gold-Initiative)»","Die Vorlage wurde abgelehnt"
"08.03.2015","Volksinitiative vom 05.11.2012 «Familien stärken! Steuerfreie Kinder- und Ausbildungszulagen»","Die Vorlage wurde abgelehnt"
"08.03.2015","Volksinitiative vom 17.12.2012 «Energie- statt Mehrwertsteuer»","Die Vorlage wurde abgelehnt"
"14.06.2015","Bundesbeschluss vom 12.12.2014 über die Änderung der Verfassungsbestimmung zur Fortpflanzungsmedizin und Gentechnologie im Humanbereich","Die Vorlage wurde angenommen"
"14.06.2015","Volksinitiative vom 20.01.2012 «Stipendieninitiative»","Die Vorlage wurde abgelehnt"
"14.06.2015","Volksinitiative vom 15.02.2013 «Millionen-Erbschaften besteuern für unsere AHV (Erbschaftssteuerreform)»","Die Vorlage wurde abgelehnt"
"14.06.2015","Änderung vom 26.09.2014 des Bundesgesetzes über Radio und Fernsehen (RTVG)","Die Vorlage wurde angenommen"
"28.02.2016","Volksinitiative vom 05.11.2012 «Für Ehe und Familie – gegen die Heiratsstrafe»","Die Vorlage wurde abgelehnt"
"28.02.2016","Volksinitiative vom 28.12.2012 «Zur Durchsetzung der Ausschaffung krimineller Ausländer (Durchsetzungsinitiative)»","Die Vorlage wurde abgelehnt"
"28.02.2016","Volksinitiative vom 24.03.2014 «Keine Spekulation mit Nahrungsmitteln!»","Die Vorlage wurde abgelehnt"
"28.02.2016","Änderung vom 26.09.2014 des Bundesgesetzes über den Strassentransitverkehr im Alpengebiet (STVG) (Sanierung Gotthard-Strassentunnel)","Die Vorlage wurde angenommen"
"05.06.2016","Volksinitiative vom 30.05.2013 «Pro Service public»","Die Vorlage wurde abgelehnt"
"05.06.2016","Volksinitiative vom 04.10.2013 «Für ein bedingungsloses Grundeinkommen»","Die Vorlage wurde abgelehnt"
"05.06.2016","Volksinitiative vom 10.03.2014 «Für eine faire Verkehrsfinanzierung»","Die Vorlage wurde abgelehnt"
"05.06.2016","Änderung vom 12.12.2014 des Bundesgesetzes über die medizinisch unterstützte Fortpflanzung (Fortpflanzungsmedizingesetz, FMedG)","Die Vorlage wurde angenommen"
"05.06.2016","Änderung vom 25.09.2015 des Asylgesetzes (AsylG)","Die Vorlage wurde angenommen"
"25.09.2016","Volksinitiative vom 06.09.2012 «Für eine nachhaltige und ressourceneffiziente Wirtschaft (Grüne Wirtschaft)»","Die Vorlage wurde abgelehnt"
"25.09.2016","Volksinitiative vom 17.12.2013 «AHVplus: für eine starke AHV»","Die Vorlage wurde abgelehnt"
"25.09.2016","Bundesgesetz vom 25.09.2015 über den Nachrichtendienst (Nachrichtendienstgesetz, NDG)","Die Vorlage wurde angenommen"
"27.11.2016","Volksinitiative vom 16.11.2012 «Für den geordneten Ausstieg aus der Atomenergie (Atomausstiegsinitiative)»","Die Vorlage wurde abgelehnt"
"12.02.2017","Bundesbeschluss vom 30.09.2016 über die erleichterte Einbürgerung von Personen der dritten Ausländergeneration","Die Vorlage wurde angenommen"
"12.02.2017","Bundesbeschluss vom 30.09.2016 über die Schaffung eines Fonds für die Nationalstrassen und den Agglomerationsverkehr","Die Vorlage wurde angenommen"
"12.02.2017","Bundesgesetz vom 17.06.2016 über steuerliche Massnahmen zur Stärkung der Wettbewerbsfähigkeit des Unternehmensstandorts Schweiz (Unternehmenssteuerreformgesetz III)","Die Vorlage wurde abgelehnt"
"21.05.2017","Energiegesetz (EnG) vom 30.09.2016","Die Vorlage wurde angenommen"
"24.09.2017","Bundesbeschluss vom 14.03.2017 über die Ernährungssicherheit (direkter Gegenentwurf zur Volksinitiative «Für Ernährungssicherheit»)","Die Vorlage wurde angenommen"
"24.09.2017","Bundesbeschluss vom 17.03.2017 über die Zusatzfinanzierung der AHV durch eine Erhöhung der Mehrwertsteuer","Die Vorlage wurde abgelehnt"
"24.09.2017","Bundesgesetz vom 17.03.2017 über die Reform der Altersvorsorge 2020","Die Vorlage wurde abgelehnt"
"04.03.2018","Bundesbeschluss vom 16.06.2017 über die neue Finanzordnung 2021","Die Vorlage wurde angenommen"
"04.03.2018","Volksinitiative vom 11.12.2015 «Ja zur Abschaffung der Radio- und Fernsehgebühren (Abschaffung der Billag-Gebühren)»","Die Vorlage wurde abgelehnt"
"10.06.2018","Volksinitiative vom 01.12.2015 «Für krisensicheres Geld: Geldschöpfung allein durch die Nationalbank! (Vollgeld-Initiative)»","Die Vorlage wurde abgelehnt"
"10.06.2018","Bundesgesetz vom 29.09.2017 über Geldspiele (Geldspielgesetz, BGS)","Die Vorlage wurde angenommen"
"23.09.2018","Bundesbeschluss vom 13.03.2018 über die Velowege sowie die Fuss- und Wanderwege (direkter Gegenentwurf zur Volksinitiative «Zur Förderung der Velo-, Fuss- und Wanderwege [Velo-Initiative]»)","Die Vorlage wurde angenommen"
"23.09.2018","Volksinitiative vom 26.11.2015 «Für gesunde sowie umweltfreundlich und fair hergestellte Lebensmittel (Fair-Food-Initiative)»","Die Vorlage wurde abgelehnt"
"23.09.2018","Volksinitiative vom 30.03.2016 «Für Ernährungssouveränität. Die Landwirtschaft betrifft uns alle»","Die Vorlage wurde abgelehnt"
"25.11.2018","Volksinitiative vom 23.03.2016 «Für die Würde der landwirtschaftlichen Nutztiere (Hornkuh-Initiative)»","Erwahrung vorbereiten"
"25.11.2018","Volksinitiative vom 12.08.2016 «Schweizer Recht statt fremde Richter (Selbstbestimmungsinitiative)»","Erwahrung vorbereiten"
"25.11.2018","Änderung vom 16.03.2018 des Bundesgesetzes über den Allgemeinen Teil des Sozialversicherungsrechts (ATSG) (Gesetzliche Grundlage für die Überwachung von Versicherten)","Erwahrung vorbereiten"
"10.02.2019","Volksinitiative vom 21.10.2016 «Zersiedelung stoppen - für eine nachhaltige Siedlungsentwicklung (Zersiedelungsinitiative)»","Erwahrung vorbereiten"