"","year","a_author_fraction","N","Internationale_Politik","Sicherheitspolitik","Europapolitik","Wirtschaft","Beschäftigung_Arbeit","Landwirtschaft","Finanzwesen","Steuer","Soziale_Fragen","Migration","Sozialer_Schutz","Gesundheit","Raumplanung_Wohnungswesen","Kultur","Bildung","Wissenschaft_Forschung","Medien_Kommunikation","Verkehr","Umwelt","Energie","Staatspolitik","Parlament","Recht_allgemein","Zivilrecht","Strafrecht","Gerichtswesen","Internationales_Recht","Menschenrechte"
"20","2000","Christlichdemokratische Fraktion",36,2.77777777777778,8.33333333333333,2.77777777777778,13.8888888888889,NA,11.1111111111111,16.6666666666667,NA,19.4444444444444,0,NA,11.1111111111111,2.77777777777778,0,13.8888888888889,2.77777777777778,5.55555555555556,2.77777777777778,8.33333333333333,0,8.33333333333333,0,2.77777777777778,NA,NA,NA,NA,NA
"21","2000","Evangelische und Unabhängige Fraktion",6,0,0,0,16.6666666666667,NA,0,33.3333333333333,NA,16.6666666666667,0,NA,33.3333333333333,0,0,0,0,0,33.3333333333333,0,0,33.3333333333333,0,16.6666666666667,NA,NA,NA,NA,NA
"22","2000","Fraktion der Schweizerischen Volkspartei",30,3.33333333333333,13.3333333333333,0,10,NA,26.6666666666667,0,NA,6.66666666666667,6.66666666666667,NA,13.3333333333333,0,0,3.33333333333333,3.33333333333333,13.3333333333333,3.33333333333333,3.33333333333333,0,20,0,13.3333333333333,NA,NA,NA,NA,NA
"23","2000","Fraktionslos",11,0,27.2727272727273,0,9.09090909090909,NA,18.1818181818182,9.09090909090909,NA,9.09090909090909,9.09090909090909,NA,9.09090909090909,0,0,0,0,9.09090909090909,9.09090909090909,0,0,9.09090909090909,0,36.3636363636364,NA,NA,NA,NA,NA
"24","2000","Freisinnig-demokratische Fraktion",58,3.44827586206897,8.62068965517241,3.44827586206897,8.62068965517241,NA,6.89655172413793,18.9655172413793,NA,8.62068965517241,0,NA,12.0689655172414,3.44827586206897,0,5.17241379310345,0,10.3448275862069,13.7931034482759,5.17241379310345,5.17241379310345,13.7931034482759,0,6.89655172413793,NA,NA,NA,NA,NA
"25","2000","Grüne Fraktion",26,23.0769230769231,7.69230769230769,0,3.84615384615385,NA,19.2307692307692,0,NA,11.5384615384615,7.69230769230769,NA,11.5384615384615,3.84615384615385,0,0,3.84615384615385,0,7.69230769230769,23.0769230769231,0,15.3846153846154,0,19.2307692307692,NA,NA,NA,NA,NA
"26","2000","Liberale Fraktion",6,0,0,0,0,NA,0,0,NA,33.3333333333333,0,NA,0,0,0,0,16.6666666666667,0,16.6666666666667,33.3333333333333,0,0,0,16.6666666666667,NA,NA,NA,NA,NA
"27","2000","Sozialdemokratische Fraktion",73,8.21917808219178,6.84931506849315,1.36986301369863,23.2876712328767,NA,4.10958904109589,13.6986301369863,NA,20.5479452054795,6.84931506849315,NA,6.84931506849315,1.36986301369863,0,6.84931506849315,2.73972602739726,13.6986301369863,4.10958904109589,4.10958904109589,2.73972602739726,6.84931506849315,0,12.3287671232877,NA,NA,NA,NA,NA
"29","2001","Christlichdemokratische Fraktion",183,0.546448087431694,6.55737704918033,1.09289617486339,14.7540983606557,NA,7.65027322404372,4.91803278688525,NA,4.91803278688525,4.91803278688525,NA,10.3825136612022,1.09289617486339,3.27868852459016,3.27868852459016,2.73224043715847,7.10382513661202,24.5901639344262,3.82513661202186,1.09289617486339,6.55737704918033,1.09289617486339,3.27868852459016,NA,NA,NA,NA,NA
"30","2001","Evangelische und Unabhängige Fraktion",34,2.94117647058824,0,0,2.94117647058824,NA,0,0,NA,11.7647058823529,0,NA,11.7647058823529,0,0,0,0,2.94117647058824,55.8823529411765,17.6470588235294,0,2.94117647058824,0,2.94117647058824,NA,NA,NA,NA,NA
"31","2001","Fraktion der Schweizerischen Volkspartei",208,10.5769230769231,11.5384615384615,2.88461538461538,5.28846153846154,NA,9.61538461538461,5.28846153846154,NA,1.92307692307692,6.25,NA,5.76923076923077,0.961538461538462,2.40384615384615,4.80769230769231,1.92307692307692,2.88461538461538,17.7884615384615,7.69230769230769,3.84615384615385,11.0576923076923,2.88461538461538,5.28846153846154,NA,NA,NA,NA,NA
"32","2001","Fraktionslos",41,7.31707317073171,12.1951219512195,2.4390243902439,7.31707317073171,NA,4.8780487804878,12.1951219512195,NA,2.4390243902439,9.75609756097561,NA,17.0731707317073,0,4.8780487804878,0,2.4390243902439,2.4390243902439,7.31707317073171,9.75609756097561,0,2.4390243902439,4.8780487804878,7.31707317073171,NA,NA,NA,NA,NA
"33","2001","Freisinnig-demokratische Fraktion",174,1.72413793103448,8.62068965517241,3.44827586206897,9.19540229885057,NA,8.04597701149425,2.8735632183908,NA,5.17241379310345,3.44827586206897,NA,6.89655172413793,1.14942528735632,2.8735632183908,5.74712643678161,6.32183908045977,4.59770114942529,21.8390804597701,11.4942528735632,0.574712643678161,6.32183908045977,1.14942528735632,6.89655172413793,NA,NA,NA,NA,NA
"34","2001","Grüne Fraktion",133,11.2781954887218,6.01503759398496,2.25563909774436,10.5263157894737,NA,6.01503759398496,1.50375939849624,NA,5.26315789473684,17.2932330827068,NA,9.02255639097744,0.75187969924812,2.25563909774436,0.75187969924812,1.50375939849624,4.51127819548872,12.0300751879699,8.27067669172932,2.25563909774436,6.76691729323308,3.00751879699248,9.02255639097744,NA,NA,NA,NA,NA
"35","2001","Liberale Fraktion",20,0,5,0,15,NA,10,10,NA,5,5,NA,0,0,0,5,35,10,10,5,0,0,0,10,NA,NA,NA,NA,NA
"36","2001","Sozialdemokratische Fraktion",373,8.57908847184987,4.28954423592493,1.60857908847185,16.0857908847185,NA,3.2171581769437,7.23860589812332,NA,5.89812332439678,9.11528150134048,NA,6.4343163538874,1.34048257372654,2.94906166219839,5.63002680965147,2.68096514745308,5.63002680965147,12.0643431635389,4.55764075067024,5.36193029490617,6.4343163538874,2.14477211796247,8.04289544235925,NA,NA,NA,NA,NA
"38","2002","Christlichdemokratische Fraktion",214,2.80373831775701,4.20560747663551,1.4018691588785,14.018691588785,NA,4.67289719626168,6.54205607476636,NA,8.8785046728972,2.33644859813084,NA,13.0841121495327,0.934579439252336,1.4018691588785,4.20560747663551,2.80373831775701,6.54205607476636,18.2242990654206,3.73831775700935,2.80373831775701,3.73831775700935,0.934579439252336,5.60747663551402,NA,NA,NA,NA,NA
"39","2002","Evangelische und Unabhängige Fraktion",26,3.84615384615385,0,0,7.69230769230769,NA,3.84615384615385,3.84615384615385,NA,15.3846153846154,3.84615384615385,NA,23.0769230769231,3.84615384615385,3.84615384615385,0,0,0,11.5384615384615,19.2307692307692,3.84615384615385,0,0,0,NA,NA,NA,NA,NA
"40","2002","Fraktion der Schweizerischen Volkspartei",196,12.7551020408163,8.6734693877551,1.53061224489796,4.59183673469388,NA,16.3265306122449,6.63265306122449,NA,6.12244897959184,7.6530612244898,NA,3.57142857142857,3.06122448979592,3.57142857142857,1.53061224489796,0.510204081632653,4.08163265306122,11.2244897959184,3.06122448979592,0,8.16326530612245,1.53061224489796,3.57142857142857,NA,NA,NA,NA,NA
"41","2002","Fraktionslos",45,15.5555555555556,0,2.22222222222222,6.66666666666667,NA,6.66666666666667,4.44444444444444,NA,11.1111111111111,6.66666666666667,NA,13.3333333333333,0,0,0,2.22222222222222,8.88888888888889,13.3333333333333,2.22222222222222,0,11.1111111111111,2.22222222222222,4.44444444444444,NA,NA,NA,NA,NA
"42","2002","Freisinnig-demokratische Fraktion",189,2.64550264550265,6.34920634920635,1.58730158730159,11.6402116402116,NA,4.76190476190476,13.2275132275132,NA,10.0529100529101,2.64550264550265,NA,13.2275132275132,3.17460317460317,2.64550264550265,2.11640211640212,2.11640211640212,7.40740740740741,12.6984126984127,5.29100529100529,1.58730158730159,4.76190476190476,1.05820105820106,4.23280423280423,NA,NA,NA,NA,NA
"43","2002","Grüne Fraktion",95,20,11.5789473684211,1.05263157894737,2.10526315789474,NA,4.21052631578947,2.10526315789474,NA,11.5789473684211,2.10526315789474,NA,12.6315789473684,1.05263157894737,2.10526315789474,3.15789473684211,2.10526315789474,1.05263157894737,4.21052631578947,13.6842105263158,2.10526315789474,4.21052631578947,2.10526315789474,5.26315789473684,NA,NA,NA,NA,NA
"44","2002","Liberale Fraktion",20,10,5,5,10,NA,0,5,NA,5,0,NA,30,0,0,10,10,5,10,0,0,5,0,0,NA,NA,NA,NA,NA
"45","2002","Sozialdemokratische Fraktion",350,9.42857142857143,4.57142857142857,2,16.8571428571429,NA,2.28571428571429,6.57142857142857,NA,11.7142857142857,1.42857142857143,NA,10.8571428571429,0.857142857142857,2,5.14285714285714,1.14285714285714,7.42857142857143,8,5.42857142857143,3.42857142857143,4.57142857142857,1.14285714285714,6.28571428571429,NA,NA,NA,NA,NA
"47","2003","Christlichdemokratische Fraktion",176,3.40909090909091,7.38636363636364,1.13636363636364,18.1818181818182,NA,2.27272727272727,11.9318181818182,NA,15.9090909090909,3.97727272727273,NA,7.38636363636364,1.13636363636364,2.27272727272727,2.84090909090909,1.70454545454545,3.40909090909091,15.9090909090909,7.38636363636364,2.27272727272727,2.84090909090909,0.568181818181818,4.54545454545455,NA,NA,NA,NA,NA
"48","2003","Evangelische und Unabhängige Fraktion",26,7.69230769230769,11.5384615384615,0,7.69230769230769,NA,0,7.69230769230769,NA,23.0769230769231,3.84615384615385,NA,23.0769230769231,0,0,0,0,3.84615384615385,23.0769230769231,7.69230769230769,3.84615384615385,0,0,3.84615384615385,NA,NA,NA,NA,NA
"49","2003","EVP/EDU Fraktion",5,0,0,0,0,NA,0,0,NA,0,20,NA,20,0,0,0,0,0,40,20,0,0,20,0,NA,NA,NA,NA,NA
"50","2003","Fraktion der Schweizerischen Volkspartei",211,9.00473933649289,7.58293838862559,2.3696682464455,7.10900473933649,NA,8.05687203791469,7.10900473933649,NA,9.00473933649289,8.53080568720379,NA,4.2654028436019,1.8957345971564,2.8436018957346,0.947867298578199,0.947867298578199,5.21327014218009,15.6398104265403,4.739336492891,1.4218009478673,10.9004739336493,2.8436018957346,3.3175355450237,NA,NA,NA,NA,NA
"51","2003","Fraktionslos",40,5,20,0,15,NA,0,17.5,NA,7.5,2.5,NA,5,0,2.5,0,0,15,7.5,0,0,2.5,0,10,NA,NA,NA,NA,NA
"52","2003","Freisinnig-demokratische Fraktion",142,6.33802816901408,10.5633802816901,0.704225352112676,16.1971830985915,NA,4.22535211267606,14.7887323943662,NA,7.74647887323944,3.52112676056338,NA,11.2676056338028,3.52112676056338,0.704225352112676,4.92957746478873,0.704225352112676,1.40845070422535,19.0140845070423,5.63380281690141,2.11267605633803,7.04225352112676,0,4.92957746478873,NA,NA,NA,NA,NA
"53","2003","Grüne Fraktion",109,20.1834862385321,13.7614678899083,1.8348623853211,4.58715596330275,NA,2.75229357798165,3.6697247706422,NA,7.3394495412844,4.58715596330275,NA,6.42201834862385,0,0.917431192660551,0.917431192660551,0,3.6697247706422,9.1743119266055,9.1743119266055,6.42201834862385,9.1743119266055,1.8348623853211,1.8348623853211,NA,NA,NA,NA,NA
"54","2003","Liberale Fraktion",13,7.69230769230769,15.3846153846154,0,7.69230769230769,NA,0,15.3846153846154,NA,7.69230769230769,0,NA,7.69230769230769,0,7.69230769230769,15.3846153846154,0,0,7.69230769230769,0,0,7.69230769230769,0,7.69230769230769,NA,NA,NA,NA,NA
"55","2003","Sozialdemokratische Fraktion",309,11.6504854368932,8.09061488673139,1.94174757281553,19.4174757281553,NA,0.647249190938511,8.41423948220065,NA,12.621359223301,3.55987055016181,NA,10.6796116504854,0.647249190938511,1.61812297734628,4.20711974110032,0.323624595469256,3.88349514563107,8.7378640776699,5.50161812297735,4.53074433656958,5.8252427184466,1.29449838187702,4.53074433656958,NA,NA,NA,NA,NA
"57","2004","Christlichdemokratische Fraktion",230,1.30434782608696,7.39130434782609,2.60869565217391,16.0869565217391,NA,6.08695652173913,15.2173913043478,NA,10.8695652173913,2.60869565217391,NA,7.39130434782609,2.17391304347826,3.04347826086957,5.21739130434783,0.869565217391304,5.65217391304348,15.2173913043478,6.08695652173913,1.30434782608696,8.69565217391304,2.17391304347826,4.78260869565217,NA,NA,NA,NA,NA
"58","2004","EVP/EDU Fraktion",33,0,9.09090909090909,0,3.03030303030303,NA,3.03030303030303,12.1212121212121,NA,9.09090909090909,6.06060606060606,NA,18.1818181818182,6.06060606060606,0,0,0,0,18.1818181818182,15.1515151515152,0,3.03030303030303,0,12.1212121212121,NA,NA,NA,NA,NA
"59","2004","Fraktion der Schweizerischen Volkspartei",271,5.90405904059041,10.7011070110701,4.4280442804428,8.11808118081181,NA,8.11808118081181,9.96309963099631,NA,8.85608856088561,6.64206642066421,NA,5.90405904059041,1.4760147601476,2.5830258302583,4.0590405904059,1.1070110701107,4.0590405904059,18.8191881918819,7.01107011070111,0.738007380073801,10.7011070110701,1.1070110701107,7.74907749077491,NA,NA,NA,NA,NA
"60","2004","Fraktionslos",48,4.16666666666667,4.16666666666667,0,14.5833333333333,NA,2.08333333333333,6.25,NA,8.33333333333333,8.33333333333333,NA,12.5,2.08333333333333,4.16666666666667,4.16666666666667,0,16.6666666666667,8.33333333333333,2.08333333333333,0,4.16666666666667,8.33333333333333,18.75,NA,NA,NA,NA,NA
"61","2004","Freisinnig-demokratische Fraktion",187,3.74331550802139,4.81283422459893,6.41711229946524,18.1818181818182,NA,5.3475935828877,12.2994652406417,NA,2.13903743315508,3.74331550802139,NA,9.62566844919786,6.41711229946524,2.13903743315508,4.81283422459893,4.81283422459893,6.41711229946524,17.1122994652406,6.95187165775401,0,6.95187165775401,3.20855614973262,5.3475935828877,NA,NA,NA,NA,NA
"62","2004","Grüne Fraktion",136,17.6470588235294,13.9705882352941,1.47058823529412,5.14705882352941,NA,5.14705882352941,0.735294117647059,NA,8.08823529411765,10.2941176470588,NA,9.55882352941176,3.67647058823529,0.735294117647059,2.94117647058824,1.47058823529412,0,7.35294117647059,17.6470588235294,4.41176470588235,11.0294117647059,0.735294117647059,5.14705882352941,NA,NA,NA,NA,NA
"63","2004","Sozialdemokratische Fraktion",410,9.75609756097561,11.9512195121951,2.19512195121951,14.390243902439,NA,0.731707317073171,7.31707317073171,NA,14.1463414634146,1.95121951219512,NA,8.53658536585366,1.95121951219512,2.68292682926829,4.63414634146341,1.46341463414634,4.63414634146341,7.5609756097561,5.60975609756098,2.19512195121951,8.53658536585366,3.90243902439024,10.2439024390244,NA,NA,NA,NA,NA
"65","2005","Christlichdemokratische Fraktion",209,4.78468899521531,4.78468899521531,2.87081339712919,11.4832535885167,NA,3.82775119617225,11.4832535885167,NA,14.3540669856459,2.87081339712919,NA,13.3971291866029,0.478468899521531,1.43540669856459,5.74162679425837,1.43540669856459,5.74162679425837,12.4401913875598,3.82775119617225,2.87081339712919,9.09090909090909,2.39234449760766,5.74162679425837,NA,NA,NA,NA,NA
"66","2005","EVP/EDU Fraktion",50,8,6,2,4,NA,2,20,NA,8,2,NA,20,0,0,0,0,6,18,6,4,10,2,8,NA,NA,NA,NA,NA
"67","2005","Fraktion der Schweizerischen Volkspartei",309,8.41423948220065,18.4466019417476,8.7378640776699,7.76699029126214,NA,6.79611650485437,12.621359223301,NA,8.41423948220065,3.55987055016181,NA,5.8252427184466,2.9126213592233,1.94174757281553,4.20711974110032,1.94174757281553,2.9126213592233,10.0323624595469,7.44336569579288,1.94174757281553,12.621359223301,2.9126213592233,3.88349514563107,NA,NA,NA,NA,NA
"68","2005","Fraktionslos",61,4.91803278688525,3.27868852459016,4.91803278688525,14.7540983606557,NA,3.27868852459016,8.19672131147541,NA,8.19672131147541,9.83606557377049,NA,9.83606557377049,0,0,0,0,8.19672131147541,14.7540983606557,4.91803278688525,1.63934426229508,3.27868852459016,4.91803278688525,8.19672131147541,NA,NA,NA,NA,NA
"69","2005","Freisinnig-demokratische Fraktion",176,6.25,8.52272727272727,3.97727272727273,18.1818181818182,NA,6.81818181818182,11.9318181818182,NA,6.25,2.84090909090909,NA,11.3636363636364,1.13636363636364,3.40909090909091,4.54545454545455,2.84090909090909,6.81818181818182,13.0681818181818,2.27272727272727,0,11.9318181818182,0.568181818181818,6.25,NA,NA,NA,NA,NA
"70","2005","Grüne Fraktion",184,18.4782608695652,16.8478260869565,0.543478260869565,6.52173913043478,NA,3.80434782608696,3.26086956521739,NA,5.97826086956522,6.52173913043478,NA,11.4130434782609,6.52173913043478,1.6304347826087,2.71739130434783,1.6304347826087,3.80434782608696,5.97826086956522,13.0434782608696,2.71739130434783,5.97826086956522,0.543478260869565,5.43478260869565,NA,NA,NA,NA,NA
"71","2005","Sozialdemokratische Fraktion",434,10.5990783410138,9.67741935483871,1.38248847926267,13.1336405529954,NA,1.15207373271889,10.1382488479263,NA,8.98617511520737,3.68663594470046,NA,11.9815668202765,0.460829493087558,2.76497695852535,5.52995391705069,1.38248847926267,2.99539170506912,5.99078341013825,10.36866359447,4.83870967741935,9.67741935483871,0.921658986175115,6.22119815668203,NA,NA,NA,NA,NA
"73","2006","Christlichdemokratische Fraktion",199,2.51256281407035,1.50753768844221,5.0251256281407,21.105527638191,NA,3.01507537688442,10.5527638190955,NA,14.572864321608,2.01005025125628,NA,6.03015075376884,1.00502512562814,5.52763819095477,4.52261306532663,1.50753768844221,7.03517587939699,12.0603015075377,8.04020100502512,2.01005025125628,9.04522613065327,2.51256281407035,9.04522613065327,NA,NA,NA,NA,NA
"74","2006","EVP/EDU Fraktion",45,15.5555555555556,8.88888888888889,4.44444444444444,4.44444444444444,NA,0,6.66666666666667,NA,13.3333333333333,4.44444444444444,NA,15.5555555555556,0,0,0,0,2.22222222222222,20,4.44444444444444,24.4444444444444,0,2.22222222222222,13.3333333333333,NA,NA,NA,NA,NA
"75","2006","Fraktion der Schweizerischen Volkspartei",271,8.11808118081181,12.1771217712177,4.7970479704797,7.01107011070111,NA,8.48708487084871,5.53505535055351,NA,7.74907749077491,7.38007380073801,NA,5.16605166051661,0.3690036900369,2.5830258302583,2.5830258302583,2.2140221402214,4.0590405904059,12.1771217712177,6.64206642066421,2.9520295202952,11.4391143911439,3.3210332103321,10.3321033210332,NA,NA,NA,NA,NA
"76","2006","Fraktionslos",53,5.66037735849057,1.88679245283019,1.88679245283019,16.9811320754717,NA,1.88679245283019,11.3207547169811,NA,13.2075471698113,5.66037735849057,NA,24.5283018867925,3.77358490566038,1.88679245283019,0,0,0,5.66037735849057,3.77358490566038,1.88679245283019,1.88679245283019,1.88679245283019,13.2075471698113,NA,NA,NA,NA,NA
"77","2006","Freisinnig-demokratische Fraktion",205,6.34146341463415,4.39024390243902,5.85365853658537,17.5609756097561,NA,2.92682926829268,8.78048780487805,NA,6.82926829268293,1.95121951219512,NA,8.29268292682927,1.46341463414634,1.46341463414634,9.75609756097561,7.31707317073171,5.36585365853659,12.1951219512195,3.90243902439024,4.39024390243902,6.34146341463415,2.4390243902439,7.31707317073171,NA,NA,NA,NA,NA
"78","2006","Grüne Fraktion",216,13.4259259259259,13.4259259259259,0.925925925925926,5.55555555555556,NA,2.77777777777778,4.62962962962963,NA,8.33333333333333,9.25925925925926,NA,11.5740740740741,0.925925925925926,1.38888888888889,1.38888888888889,2.77777777777778,2.31481481481481,10.6481481481481,13.8888888888889,5.09259259259259,5.55555555555556,2.31481481481481,11.5740740740741,NA,NA,NA,NA,NA
"79","2006","Sozialdemokratische Fraktion",421,8.55106888361045,9.97624703087886,3.56294536817102,17.3396674584323,NA,0.475059382422803,5.93824228028504,NA,9.73871733966746,5.70071258907363,NA,11.1638954869359,1.66270783847981,0.712589073634204,4.27553444180523,1.90023752969121,4.51306413301663,7.36342042755344,6.88836104513064,2.37529691211401,10.2137767220903,1.90023752969121,12.3515439429929,NA,NA,NA,NA,NA
"81","2007","Christlichdemokratische Fraktion",146,4.10958904109589,2.73972602739726,0.684931506849315,15.7534246575342,NA,3.42465753424658,4.79452054794521,NA,12.3287671232877,0.684931506849315,NA,12.3287671232877,1.36986301369863,0.684931506849315,2.05479452054795,0,8.9041095890411,8.21917808219178,10.958904109589,14.3835616438356,7.53424657534247,1.36986301369863,10.2739726027397,NA,NA,NA,NA,NA
"82","2007","EVP/EDU Fraktion",23,8.69565217391304,4.34782608695652,0,13.0434782608696,NA,0,30.4347826086957,NA,8.69565217391304,4.34782608695652,NA,13.0434782608696,0,0,0,0,0,13.0434782608696,8.69565217391304,13.0434782608696,4.34782608695652,0,0,NA,NA,NA,NA,NA
"83","2007","Fraktion CVP/EVP/glp",29,0,10.3448275862069,0,20.6896551724138,NA,3.44827586206897,3.44827586206897,NA,10.3448275862069,6.89655172413793,NA,13.7931034482759,0,0,10.3448275862069,6.89655172413793,3.44827586206897,13.7931034482759,6.89655172413793,3.44827586206897,10.3448275862069,0,6.89655172413793,NA,NA,NA,NA,NA
"84","2007","Fraktion der Schweizerischen Volkspartei",331,6.34441087613293,12.6888217522659,3.62537764350453,4.83383685800604,NA,4.53172205438066,8.1570996978852,NA,10.8761329305136,5.4380664652568,NA,6.64652567975831,0.604229607250755,0,1.51057401812689,1.51057401812689,4.22960725075529,16.6163141993958,7.25075528700906,4.22960725075529,7.85498489425982,2.7190332326284,8.45921450151057,NA,NA,NA,NA,NA
"85","2007","Fraktionslos",35,2.85714285714286,5.71428571428571,5.71428571428571,5.71428571428571,NA,5.71428571428571,5.71428571428571,NA,11.4285714285714,11.4285714285714,NA,28.5714285714286,2.85714285714286,0,0,0,11.4285714285714,11.4285714285714,0,0,8.57142857142857,0,11.4285714285714,NA,NA,NA,NA,NA
"86","2007","Freisinnig-demokratische Fraktion",198,4.54545454545455,2.02020202020202,5.05050505050505,11.6161616161616,NA,6.56565656565657,9.5959595959596,NA,12.1212121212121,1.51515151515152,NA,12.1212121212121,3.53535353535354,2.02020202020202,3.53535353535354,2.02020202020202,9.09090909090909,10.1010101010101,6.06060606060606,5.05050505050505,9.09090909090909,2.02020202020202,6.06060606060606,NA,NA,NA,NA,NA
"87","2007","Grüne Fraktion",203,10.3448275862069,13.3004926108374,0.492610837438424,6.89655172413793,NA,5.41871921182266,2.46305418719212,NA,8.3743842364532,4.92610837438424,NA,9.85221674876847,0.985221674876847,0.985221674876847,2.95566502463054,0.985221674876847,0.492610837438424,11.8226600985222,17.7339901477833,8.3743842364532,7.38916256157635,1.97044334975369,9.85221674876847,NA,NA,NA,NA,NA
"88","2007","Sozialdemokratische Fraktion",496,5.64516129032258,7.86290322580645,2.82258064516129,9.2741935483871,NA,1.20967741935484,9.67741935483871,NA,12.2983870967742,1.00806451612903,NA,15.1209677419355,0.604838709677419,2.01612903225806,4.43548387096774,0.604838709677419,2.82258064516129,8.87096774193548,7.25806451612903,7.86290322580645,13.9112903225806,1.81451612903226,6.65322580645161,NA,NA,NA,NA,NA
"90","2008","FDP-Liberale Fraktion",42,2.38095238095238,2.38095238095238,2.38095238095238,16.6666666666667,NA,0,14.2857142857143,NA,9.52380952380952,0,NA,14.2857142857143,2.38095238095238,0,4.76190476190476,7.14285714285714,9.52380952380952,9.52380952380952,7.14285714285714,9.52380952380952,2.38095238095238,0,9.52380952380952,NA,NA,NA,NA,NA
"91","2008","Fraktion CVP/EVP/glp",269,1.11524163568773,5.57620817843866,2.97397769516729,9.29368029739777,NA,4.83271375464684,11.1524163568773,NA,15.6133828996283,3.71747211895911,NA,14.8698884758364,2.97397769516729,1.11524163568773,3.71747211895911,1.11524163568773,3.71747211895911,16.3568773234201,7.0631970260223,5.94795539033457,4.83271375464684,1.85873605947955,6.69144981412639,NA,NA,NA,NA,NA
"92","2008","Fraktion der Schweizerischen Volkspartei",448,6.02678571428571,14.0625,4.24107142857143,5.58035714285714,NA,8.70535714285714,12.9464285714286,NA,6.91964285714286,6.25,NA,6.02678571428571,1.11607142857143,1.11607142857143,2.45535714285714,0.446428571428571,3.125,13.8392857142857,4.6875,4.6875,8.92857142857143,2.00892857142857,5.13392857142857,NA,NA,NA,NA,NA
"93","2008","Fraktionslos",17,23.5294117647059,11.7647058823529,5.88235294117647,0,NA,5.88235294117647,17.6470588235294,NA,5.88235294117647,5.88235294117647,NA,11.7647058823529,5.88235294117647,5.88235294117647,0,0,0,0,11.7647058823529,5.88235294117647,5.88235294117647,0,11.7647058823529,NA,NA,NA,NA,NA
"94","2008","Freisinnig-demokratische Fraktion",136,2.94117647058824,8.82352941176471,3.67647058823529,10.2941176470588,NA,7.35294117647059,8.08823529411765,NA,4.41176470588235,3.67647058823529,NA,5.14705882352941,5.88235294117647,2.20588235294118,1.47058823529412,3.67647058823529,4.41176470588235,15.4411764705882,4.41176470588235,11.0294117647059,5.14705882352941,2.20588235294118,8.08823529411765,NA,NA,NA,NA,NA
"95","2008","Grüne Fraktion",292,7.87671232876712,8.56164383561644,0.342465753424658,10.958904109589,NA,9.93150684931507,6.84931506849315,NA,8.9041095890411,5.47945205479452,NA,9.58904109589041,1.71232876712329,0.684931506849315,1.36986301369863,1.36986301369863,1.71232876712329,15.4109589041096,13.6986301369863,9.24657534246575,7.19178082191781,1.02739726027397,7.19178082191781,NA,NA,NA,NA,NA
"96","2008","Sozialdemokratische Fraktion",522,6.32183908045977,8.81226053639847,1.91570881226054,11.3026819923372,NA,1.53256704980843,15.9003831417625,NA,9.77011494252874,4.59770114942529,NA,14.176245210728,1.91570881226054,1.72413793103448,3.83141762452107,1.53256704980843,2.8735632183908,8.04597701149425,3.06513409961686,9.00383141762452,5.55555555555556,2.29885057471264,8.04597701149425,NA,NA,NA,NA,NA
"98","2009","FDP-Liberale Fraktion",250,3.2,7.6,4,14,NA,8.4,17.6,NA,6,4.4,NA,7.2,3.2,3.6,3.2,2,4.8,11.2,6.4,7.2,10,1.2,4.4,NA,NA,NA,NA,NA
"99","2009","Fraktion BD",25,4,8,0,4,NA,12,32,NA,0,4,NA,4,4,0,0,0,0,16,8,0,4,0,8,NA,NA,NA,NA,NA
"100","2009","Fraktion CVP/EVP/glp",359,2.78551532033426,5.01392757660167,2.22841225626741,13.9275766016713,NA,3.34261838440111,13.3704735376045,NA,8.91364902506964,2.50696378830084,NA,16.991643454039,1.67130919220056,3.34261838440111,3.62116991643454,0.835654596100279,7.24233983286908,8.35654596100279,5.84958217270195,5.57103064066852,6.4066852367688,2.22841225626741,8.63509749303621,NA,NA,NA,NA,NA
"101","2009","Fraktion der Schweizerischen Volkspartei",683,7.17423133235725,7.61346998535871,4.83162518301611,8.34553440702782,NA,8.05270863836018,9.22401171303075,NA,7.75988286969253,6.29575402635432,NA,6.73499267935578,0.585651537335286,1.31771595900439,1.46412884333821,0.292825768667643,5.56368960468521,12.4450951683748,5.27086383601757,2.92825768667643,8.199121522694,2.34260614934114,13.909224011713,NA,NA,NA,NA,NA
"102","2009","Grüne Fraktion",307,8.79478827361564,7.81758957654723,0.651465798045603,16.6123778501629,NA,4.88599348534202,7.81758957654723,NA,6.51465798045603,4.23452768729642,NA,14.0065146579805,2.28013029315961,3.25732899022801,1.62866449511401,1.95439739413681,4.88599348534202,8.46905537459283,14.6579804560261,6.84039087947883,5.86319218241042,0.651465798045603,5.86319218241042,NA,NA,NA,NA,NA
"103","2009","Sozialdemokratische Fraktion",590,6.27118644067797,9.32203389830508,1.52542372881356,14.9152542372881,NA,1.35593220338983,12.5423728813559,NA,13.3898305084746,6.27118644067797,NA,16.9491525423729,1.69491525423729,2.20338983050847,6.27118644067797,0.847457627118644,5.76271186440678,5.42372881355932,2.3728813559322,3.89830508474576,7.6271186440678,1.52542372881356,8.30508474576271,NA,NA,NA,NA,NA
"105","2010","FDP-Liberale Fraktion",256,2.34375,9.765625,3.90625,14.453125,NA,6.25,11.71875,NA,7.03125,4.6875,NA,8.203125,1.953125,1.5625,5.078125,3.515625,10.15625,11.71875,4.6875,8.59375,6.25,1.5625,4.296875,NA,NA,NA,NA,NA
"106","2010","Fraktion BD",18,0,27.7777777777778,0,0,NA,38.8888888888889,5.55555555555556,NA,5.55555555555556,0,NA,5.55555555555556,11.1111111111111,5.55555555555556,0,0,16.6666666666667,5.55555555555556,5.55555555555556,0,5.55555555555556,0,0,NA,NA,NA,NA,NA
"107","2010","Fraktion CVP/EVP/glp",349,4.29799426934097,5.73065902578797,1.14613180515759,11.1747851002865,NA,6.59025787965616,6.87679083094556,NA,16.3323782234957,5.73065902578797,NA,14.0401146131805,1.43266475644699,2.00573065902579,5.44412607449857,1.43266475644699,9.45558739255014,9.16905444126074,6.59025787965616,2.86532951289398,7.44985673352436,1.43266475644699,9.74212034383954,NA,NA,NA,NA,NA
"108","2010","Fraktion der Schweizerischen Volkspartei",589,8.31918505942275,4.75382003395586,5.09337860780985,7.30050933786078,NA,10.1867572156197,11.0356536502547,NA,4.92359932088285,9.16808149405773,NA,9.8471986417657,1.01867572156197,2.03735144312394,1.35823429541596,0.67911714770798,7.80984719864177,11.0356536502547,5.26315789473684,4.41426146010187,6.45161290322581,2.54668930390492,11.2054329371817,NA,NA,NA,NA,NA
"109","2010","Fraktionslos",3,0,0,0,0,NA,0,66.6666666666667,NA,66.6666666666667,0,NA,33.3333333333333,0,0,0,0,0,0,0,0,0,0,0,NA,NA,NA,NA,NA
"110","2010","Grüne Fraktion",291,8.24742268041237,8.59106529209622,2.74914089347079,11.340206185567,NA,4.81099656357388,8.59106529209622,NA,5.84192439862543,4.81099656357388,NA,6.52920962199313,1.03092783505155,3.78006872852234,2.40549828178694,2.06185567010309,4.46735395189003,11.340206185567,14.4329896907216,9.96563573883162,10.9965635738832,0,6.87285223367698,NA,NA,NA,NA,NA
"111","2010","Sozialdemokratische Fraktion",446,6.50224215246637,6.05381165919283,1.79372197309417,12.780269058296,NA,1.34529147982063,12.780269058296,NA,17.9372197309417,6.2780269058296,NA,17.9372197309417,1.34529147982063,2.69058295964126,5.15695067264574,1.5695067264574,3.81165919282511,4.93273542600897,3.81165919282511,7.39910313901345,6.95067264573991,1.79372197309417,6.2780269058296,NA,NA,NA,NA,NA
"113","2011","FDP-Liberale Fraktion",252,5.15873015873016,5.95238095238095,5.15873015873016,17.0634920634921,NA,4.36507936507936,15.8730158730159,NA,7.14285714285714,9.52380952380952,NA,7.93650793650794,2.77777777777778,1.98412698412698,1.58730158730159,2.77777777777778,4.36507936507936,6.34920634920635,2.38095238095238,21.8253968253968,6.34920634920635,0.396825396825397,4.36507936507936,NA,NA,NA,NA,NA
"114","2011","Fraktion BD",41,2.4390243902439,0,4.8780487804878,9.75609756097561,NA,4.8780487804878,9.75609756097561,NA,9.75609756097561,7.31707317073171,NA,0,4.8780487804878,0,4.8780487804878,4.8780487804878,0,7.31707317073171,4.8780487804878,43.9024390243902,0,2.4390243902439,0,NA,NA,NA,NA,NA
"115","2011","Fraktion CVP-EVP",34,8.82352941176471,11.7647058823529,5.88235294117647,11.7647058823529,NA,5.88235294117647,0,NA,8.82352941176471,5.88235294117647,NA,8.82352941176471,0,5.88235294117647,2.94117647058824,0,2.94117647058824,17.6470588235294,5.88235294117647,8.82352941176471,11.7647058823529,0,5.88235294117647,NA,NA,NA,NA,NA
"116","2011","Fraktion CVP/EVP/glp",263,5.70342205323194,3.04182509505703,2.28136882129278,15.9695817490494,NA,3.42205323193916,10.6463878326996,NA,11.0266159695817,4.56273764258555,NA,14.828897338403,2.28136882129278,2.28136882129278,5.32319391634981,1.52091254752852,4.94296577946768,6.4638783269962,3.42205323193916,17.8707224334601,6.08365019011407,0,9.1254752851711,NA,NA,NA,NA,NA
"117","2011","Fraktion der Schweizerischen Volkspartei",503,10.934393638171,4.37375745526839,4.57256461232604,8.54870775347912,NA,7.15705765407555,13.3200795228628,NA,4.7713717693837,17.2962226640159,NA,7.55467196819085,0.99403578528827,1.78926441351889,2.18687872763419,0.198807157057654,5.16898608349901,8.74751491053678,4.17495029821074,4.97017892644135,7.95228628230616,2.38568588469185,5.76540755467197,NA,NA,NA,NA,NA
"118","2011","Fraktionslos",16,12.5,0,6.25,6.25,NA,12.5,18.75,NA,0,12.5,NA,18.75,0,0,0,0,0,6.25,0,0,6.25,0,12.5,NA,NA,NA,NA,NA
"119","2011","Grüne Fraktion",258,5.81395348837209,7.36434108527132,1.93798449612403,5.03875968992248,NA,8.13953488372093,5.42635658914729,NA,7.36434108527132,6.2015503875969,NA,9.30232558139535,2.71317829457364,0.775193798449612,0.775193798449612,1.16279069767442,2.71317829457364,8.52713178294574,10.8527131782946,27.906976744186,6.58914728682171,0.387596899224806,4.65116279069767,NA,NA,NA,NA,NA
"120","2011","Grünliberale Fraktion",1,0,0,0,0,NA,0,0,NA,0,0,NA,0,0,0,0,0,0,0,0,100,0,0,0,NA,NA,NA,NA,NA
"121","2011","Sozialdemokratische Fraktion",529,7.37240075614367,5.4820415879017,3.40264650283554,15.8790170132325,NA,1.89035916824197,18.5255198487713,NA,10.0189035916824,3.02457466918715,NA,12.2873345935728,3.96975425330813,0.378071833648393,4.15879017013232,1.32325141776938,3.40264650283554,6.42722117202268,4.34782608695652,11.7202268431002,6.80529300567108,1.51228733459357,5.2930056710775,NA,NA,NA,NA,NA
"123","2012","FDP-Liberale Fraktion",236,2.54237288135593,2.54237288135593,0.847457627118644,15.2542372881356,0.423728813559322,5.08474576271186,14.8305084745763,0,9.32203389830508,3.38983050847458,0,14.4067796610169,5.50847457627119,4.23728813559322,0.847457627118644,1.69491525423729,8.89830508474576,8.47457627118644,4.66101694915254,7.6271186440678,10.5932203389831,0.847457627118644,8.89830508474576,2.11864406779661,0,0,0,0
"124","2012","Fraktion BD",28,3.57142857142857,0,0,17.8571428571429,0,10.7142857142857,7.14285714285714,0,39.2857142857143,0,0,7.14285714285714,0,0,3.57142857142857,0,0,3.57142857142857,10.7142857142857,21.4285714285714,7.14285714285714,0,7.14285714285714,0,0,0,0,0
"125","2012","Fraktion CVP-EVP",303,1.98019801980198,4.29042904290429,1.32013201320132,16.1716171617162,0.33003300330033,6.27062706270627,10.2310231023102,0.33003300330033,8.58085808580858,5.61056105610561,0,15.5115511551155,4.95049504950495,3.63036303630363,4.62046204620462,1.65016501650165,5.28052805280528,9.24092409240924,7.26072607260726,7.59075907590759,8.25082508250825,1.32013201320132,10.2310231023102,0.33003300330033,0,0,0,0.66006600660066
"126","2012","Fraktion der Schweizerischen Volkspartei",500,5.4,3.2,2.2,12.6,0.6,8.2,19,0.8,5.8,9.8,0.2,11.2,1.8,1.2,1.4,0.4,3.2,11.6,6.6,3,9,2,7.6,0.2,0.8,0.2,0.4,0.4
"127","2012","Fraktionslos",25,0,0,0,12,0,0,24,0,8,0,0,36,0,0,4,0,4,8,4,0,0,0,28,16,0,0,0,0
"128","2012","Grüne Fraktion",191,4.71204188481675,3.1413612565445,0,13.0890052356021,0,7.32984293193717,11.5183246073298,0,4.71204188481675,3.66492146596859,0,15.7068062827225,5.23560209424084,1.04712041884817,1.57068062827225,1.04712041884817,4.18848167539267,9.42408376963351,15.1832460732984,18.848167539267,2.09424083769634,0,6.28272251308901,0,0.523560209424084,0,0,0
"129","2012","Grünliberale Fraktion",62,6.45161290322581,12.9032258064516,0,11.2903225806452,0,6.45161290322581,17.741935483871,0,8.06451612903226,0,0,16.1290322580645,4.83870967741935,4.83870967741935,1.61290322580645,0,3.2258064516129,9.67741935483871,9.67741935483871,11.2903225806452,6.45161290322581,0,1.61290322580645,0,0,0,0,0
"130","2012","Sozialdemokratische Fraktion",591,9.13705583756345,5.75296108291032,1.01522842639594,12.1827411167513,0.169204737732657,2.36886632825719,18.7817258883249,0.338409475465313,8.46023688663283,4.06091370558376,1.01522842639594,18.4433164128596,2.36886632825719,2.19966159052453,4.56852791878173,0.676818950930626,3.04568527918782,5.75296108291032,5.75296108291032,6.09137055837563,6.09137055837563,1.01522842639594,8.9678510998308,0.676818950930626,0.338409475465313,0,1.35363790186125,0.50761421319797
"132","2013","FDP-Liberale Fraktion",232,3.01724137931034,4.74137931034483,2.1551724137931,20.2586206896552,0,3.87931034482759,12.5,0.431034482758621,9.91379310344828,3.44827586206897,0.431034482758621,11.2068965517241,4.74137931034483,6.89655172413793,2.58620689655172,1.29310344827586,7.75862068965517,8.62068965517241,3.44827586206897,6.46551724137931,9.91379310344828,0,11.6379310344828,0,0.431034482758621,0,0.862068965517241,0
"133","2013","Fraktion BD",34,5.88235294117647,5.88235294117647,5.88235294117647,11.7647058823529,0,2.94117647058824,11.7647058823529,0,8.82352941176471,5.88235294117647,0,2.94117647058824,5.88235294117647,2.94117647058824,2.94117647058824,0,11.7647058823529,26.4705882352941,5.88235294117647,5.88235294117647,5.88235294117647,0,0,0,0,0,0,0
"134","2013","Fraktion CVP-EVP",324,5.8641975308642,9.25925925925926,0.617283950617284,25.3086419753086,0.308641975308642,4.62962962962963,8.95061728395062,0.617283950617284,12.3456790123457,4.32098765432099,2.16049382716049,12.962962962963,3.08641975308642,4.01234567901235,6.17283950617284,0.925925925925926,4.62962962962963,11.4197530864198,8.02469135802469,2.77777777777778,8.02469135802469,0.308641975308642,7.09876543209877,0,0,0,0.308641975308642,0
"135","2013","Fraktion der Schweizerischen Volkspartei",518,6.37065637065637,7.91505791505791,5.01930501930502,15.0579150579151,0.386100386100386,6.37065637065637,16.4092664092664,1.93050193050193,8.3011583011583,8.10810810810811,0.579150579150579,7.33590733590734,2.7027027027027,2.8957528957529,1.35135135135135,2.12355212355212,6.37065637065637,10.4247104247104,4.63320463320463,3.66795366795367,12.7413127413127,1.54440154440154,11.7760617760618,0.193050193050193,0.772200772200772,0,0.579150579150579,0.386100386100386
"136","2013","Fraktionslos",21,0,4.76190476190476,0,4.76190476190476,0,0,23.8095238095238,9.52380952380952,9.52380952380952,0,4.76190476190476,47.6190476190476,0,0,0,0,4.76190476190476,4.76190476190476,0,0,14.2857142857143,0,19.047619047619,9.52380952380952,4.76190476190476,0,9.52380952380952,4.76190476190476
"137","2013","Grüne Fraktion",228,11.4035087719298,11.4035087719298,0,14.4736842105263,0.87719298245614,3.94736842105263,9.64912280701754,0,10.5263157894737,4.82456140350877,0.87719298245614,8.33333333333333,1.75438596491228,0,0.87719298245614,0.43859649122807,9.64912280701754,7.01754385964912,11.8421052631579,14.0350877192982,9.64912280701754,0.87719298245614,9.21052631578947,0,0,0,0.87719298245614,0.87719298245614
"138","2013","Grünliberale Fraktion",94,1.06382978723404,7.4468085106383,0,8.51063829787234,0,11.7021276595745,12.7659574468085,0,4.25531914893617,1.06382978723404,0,13.8297872340426,2.12765957446809,1.06382978723404,0,3.19148936170213,3.19148936170213,13.8297872340426,18.0851063829787,19.1489361702128,5.31914893617021,0,4.25531914893617,0,0,0,1.06382978723404,0
"139","2013","Sozialdemokratische Fraktion",591,12.0135363790186,9.64467005076142,2.03045685279188,13.3671742808799,1.01522842639594,2.03045685279188,14.0439932318105,0.846023688663283,13.1979695431472,1.86125211505922,0.50761421319797,11.6751269035533,2.7072758037225,3.21489001692047,5.0761421319797,2.19966159052453,5.92216582064298,6.26057529610829,4.73773265651438,7.27580372250423,8.12182741116751,2.03045685279188,9.98307952622674,0.169204737732657,0.169204737732657,0,0.846023688663283,1.01522842639594
"141","2014","FDP-Liberale Fraktion",268,5.22388059701493,4.1044776119403,5.22388059701493,22.7611940298507,5.22388059701493,5.22388059701493,16.7910447761194,7.83582089552239,9.32835820895522,6.71641791044776,5.97014925373134,11.9402985074627,5.22388059701493,3.35820895522388,5.59701492537313,3.73134328358209,9.70149253731343,7.83582089552239,4.85074626865672,7.08955223880597,15.6716417910448,0.746268656716418,3.73134328358209,6.34328358208955,0.746268656716418,0.373134328358209,0.373134328358209,1.86567164179104
"142","2014","Fraktion BD",39,0,7.69230769230769,12.8205128205128,15.3846153846154,12.8205128205128,10.2564102564103,12.8205128205128,2.56410256410256,0,5.12820512820513,2.56410256410256,7.69230769230769,2.56410256410256,2.56410256410256,7.69230769230769,2.56410256410256,10.2564102564103,17.9487179487179,25.6410256410256,15.3846153846154,2.56410256410256,0,0,5.12820512820513,2.56410256410256,0,0,0
"143","2014","Fraktion CVP-EVP",334,10.4790419161677,11.9760479041916,8.38323353293413,14.0718562874251,4.19161676646707,4.79041916167665,10.1796407185629,2.69461077844311,9.58083832335329,8.38323353293413,2.9940119760479,11.9760479041916,3.59281437125748,5.38922155688623,7.18562874251497,0.898203592814371,6.58682634730539,14.9700598802395,7.48502994011976,4.19161676646707,10.7784431137725,1.79640718562874,5.38922155688623,2.39520958083832,3.29341317365269,1.49700598802395,1.49700598802395,2.39520958083832
"144","2014","Fraktion der Schweizerischen Volkspartei",530,11.5094339622642,6.9811320754717,12.0754716981132,14.9056603773585,2.26415094339623,6.9811320754717,12.6415094339623,3.77358490566038,5.66037735849057,13.5849056603774,2.45283018867925,9.62264150943396,1.50943396226415,5.28301886792453,4.15094339622642,2.26415094339623,6.9811320754717,8.30188679245283,7.73584905660377,3.58490566037736,14.7169811320755,3.20754716981132,3.77358490566038,1.50943396226415,1.69811320754717,0.188679245283019,1.13207547169811,2.45283018867925
"145","2014","Grüne Fraktion",229,11.7903930131004,12.6637554585153,4.36681222707424,18.3406113537118,3.93013100436681,7.4235807860262,6.55021834061135,0.873362445414847,6.98689956331878,9.17030567685589,0.873362445414847,16.1572052401747,3.49344978165939,2.62008733624454,3.05676855895197,3.93013100436681,6.11353711790393,6.55021834061135,23.1441048034934,10.0436681222707,11.353711790393,1.31004366812227,3.49344978165939,1.31004366812227,1.31004366812227,0,1.74672489082969,3.05676855895197
"146","2014","Grünliberale Fraktion",89,6.74157303370786,10.1123595505618,4.49438202247191,16.8539325842697,2.24719101123596,7.86516853932584,11.2359550561798,5.61797752808989,8.98876404494382,0,3.37078651685393,10.1123595505618,3.37078651685393,1.12359550561798,4.49438202247191,5.61797752808989,1.12359550561798,23.5955056179775,26.9662921348315,24.7191011235955,3.37078651685393,1.12359550561798,1.12359550561798,2.24719101123596,0,0,0,1.12359550561798
"147","2014","Sozialdemokratische Fraktion",611,14.5662847790507,8.51063829787234,4.90998363338789,15.7119476268412,5.07364975450082,2.61865793780687,12.9296235679214,3.10965630114566,11.4566284779051,6.21931260229133,4.4189852700491,19.4762684124386,4.09165302782324,4.25531914893617,6.87397708674304,3.60065466448445,4.4189852700491,8.18330605564648,7.52864157119476,4.74631751227496,10.9656301145663,1.6366612111293,4.74631751227496,2.12765957446809,3.27332242225859,0.327332242225859,1.30932896890344,3.76432078559738
"149","2015","CVP-Fraktion",48,8.33333333333333,12.5,2.08333333333333,31.25,12.5,4.16666666666667,16.6666666666667,8.33333333333333,6.25,6.25,2.08333333333333,8.33333333333333,2.08333333333333,8.33333333333333,6.25,0,10.4166666666667,25,25,6.25,12.5,0,0,0,2.08333333333333,0,0,2.08333333333333
"150","2015","FDP-Liberale Fraktion",285,7.71929824561404,5.26315789473684,7.01754385964912,30.5263157894737,7.71929824561404,4.21052631578947,16.8421052631579,8.7719298245614,6.31578947368421,6.31578947368421,7.36842105263158,16.4912280701754,3.50877192982456,4.91228070175439,3.50877192982456,3.85964912280702,9.47368421052632,9.82456140350877,4.56140350877193,4.56140350877193,12.9824561403509,1.40350877192982,1.75438596491228,5.96491228070175,3.85964912280702,0.701754385964912,1.40350877192982,2.45614035087719
"151","2015","Fraktion BD",60,10,5,0,15,11.6666666666667,11.6666666666667,10,6.66666666666667,20,5,0,13.3333333333333,1.66666666666667,0,6.66666666666667,5,5,5,11.6666666666667,5,11.6666666666667,3.33333333333333,1.66666666666667,8.33333333333333,5,1.66666666666667,0,3.33333333333333
"152","2015","Fraktion CVP-EVP",235,10.6382978723404,5.95744680851064,6.38297872340426,21.7021276595745,6.80851063829787,5.95744680851064,16.1702127659574,5.95744680851064,13.1914893617021,12.3404255319149,4.25531914893617,10.2127659574468,5.1063829787234,2.12765957446809,5.53191489361702,1.27659574468085,7.65957446808511,15.3191489361702,7.65957446808511,4.25531914893617,11.9148936170213,1.27659574468085,3.40425531914894,5.53191489361702,6.38297872340426,0.425531914893617,0,2.12765957446809
"153","2015","Fraktion der Schweizerischen Volkspartei",556,12.0503597122302,11.5107913669065,6.29496402877698,17.0863309352518,5.03597122302158,8.81294964028777,15.2877697841727,9.53237410071942,6.29496402877698,14.9280575539568,2.51798561151079,10.431654676259,1.43884892086331,3.23741007194245,1.97841726618705,0.899280575539568,9.53237410071942,12.7697841726619,6.65467625899281,2.51798561151079,16.726618705036,3.59712230215827,1.43884892086331,2.69784172661871,4.31654676258993,0.719424460431655,0.719424460431655,2.15827338129496
"154","2015","Grüne Fraktion",200,16.5,10,4.5,13.5,4.5,12,10,2,6.5,11,2,11.5,2.5,1,3,4,6,12,32,13,9,1,0.5,1.5,3,0.5,0.5,5.5
"155","2015","Grünliberale Fraktion",82,6.09756097560976,10.9756097560976,3.65853658536585,14.6341463414634,3.65853658536585,1.21951219512195,15.8536585365854,2.4390243902439,4.8780487804878,4.8780487804878,3.65853658536585,15.8536585365854,1.21951219512195,3.65853658536585,2.4390243902439,3.65853658536585,10.9756097560976,15.8536585365854,25.609756097561,24.390243902439,9.75609756097561,3.65853658536585,1.21951219512195,4.8780487804878,0,0,0,2.4390243902439
"156","2015","Sozialdemokratische Fraktion",583,15.7804459691252,7.54716981132075,3.60205831903945,16.295025728988,12.6929674099485,3.08747855917667,17.6672384219554,6.34648370497427,12.0068610634648,7.03259005145798,6.17495711835334,13.7221269296741,3.08747855917667,4.80274442538594,6.68953687821612,1.54373927958834,9.94854202401372,7.89022298456261,11.3207547169811,8.06174957118353,10.2915951972556,3.60205831903945,0.857632933104631,4.45969125214408,4.11663807890223,1.02915951972556,2.40137221269297,4.63121783876501
"158","2016","CVP-Fraktion",314,11.1464968152866,9.55414012738854,3.82165605095541,20.7006369426752,9.55414012738854,3.5031847133758,12.7388535031847,4.45859872611465,10.828025477707,11.1464968152866,8.59872611464968,11.7834394904459,4.45859872611465,7.00636942675159,7.64331210191083,2.86624203821656,17.515923566879,13.6942675159236,7.96178343949045,3.18471337579618,18.4713375796178,0.955414012738854,0.636942675159236,4.45859872611465,2.86624203821656,0,0.955414012738854,4.14012738853503
"159","2016","FDP-Liberale Fraktion",259,6.94980694980695,10.4247104247104,7.33590733590734,27.7992277992278,8.88030888030888,3.86100386100386,18.1467181467181,10.4247104247104,8.10810810810811,8.49420849420849,11.1969111969112,6.94980694980695,4.63320463320463,6.17760617760618,4.24710424710425,2.7027027027027,14.6718146718147,10.8108108108108,5.01930501930502,3.47490347490348,23.1660231660232,3.08880308880309,1.15830115830116,4.24710424710425,3.47490347490348,0,0.386100386100386,2.7027027027027
"160","2016","Fraktion BD",44,0,20.4545454545455,4.54545454545455,11.3636363636364,11.3636363636364,2.27272727272727,4.54545454545455,6.81818181818182,22.7272727272727,11.3636363636364,6.81818181818182,22.7272727272727,2.27272727272727,6.81818181818182,6.81818181818182,0,15.9090909090909,9.09090909090909,9.09090909090909,2.27272727272727,22.7272727272727,0,0,2.27272727272727,15.9090909090909,0,2.27272727272727,6.81818181818182
"161","2016","Fraktion der Schweizerischen Volkspartei",567,19.4003527336861,17.1075837742504,10.7583774250441,12.5220458553792,6.87830687830688,4.05643738977072,13.7566137566138,5.82010582010582,7.40740740740741,26.984126984127,4.93827160493827,10.7583774250441,1.7636684303351,4.40917107583774,1.94003527336861,2.11640211640212,5.64373897707231,8.994708994709,5.4673721340388,4.23280423280423,22.7513227513227,2.64550264550265,0.529100529100529,4.23280423280423,7.93650793650794,0.881834215167548,1.94003527336861,3.17460317460317
"162","2016","Grüne Fraktion",164,15.8536585365854,11.5853658536585,6.70731707317073,35.9756097560976,7.92682926829268,6.09756097560976,6.09756097560976,14.0243902439024,9.14634146341463,12.8048780487805,1.82926829268293,8.53658536585366,0,1.82926829268293,6.09756097560976,7.31707317073171,4.8780487804878,8.53658536585366,21.9512195121951,16.4634146341463,18.2926829268293,1.82926829268293,0.609756097560976,3.04878048780488,1.82926829268293,0.609756097560976,1.82926829268293,6.09756097560976
"163","2016","Grünliberale Fraktion",59,11.864406779661,6.77966101694915,0,30.5084745762712,6.77966101694915,11.864406779661,16.9491525423729,6.77966101694915,3.38983050847458,1.69491525423729,1.69491525423729,10.1694915254237,3.38983050847458,3.38983050847458,3.38983050847458,3.38983050847458,10.1694915254237,15.2542372881356,27.1186440677966,18.6440677966102,13.5593220338983,0,3.38983050847458,1.69491525423729,1.69491525423729,0,1.69491525423729,1.69491525423729
"164","2016","Sozialdemokratische Fraktion",511,16.8297455968689,11.3502935420744,3.13111545988258,26.2230919765166,12.720156555773,2.93542074363992,13.894324853229,10.7632093933464,11.9373776908023,10.958904109589,3.52250489236791,14.0900195694716,2.34833659491194,3.52250489236791,6.26223091976517,1.95694716242661,7.6320939334638,9.39334637964775,10.7632093933464,8.21917808219178,17.6125244618395,0.978473581213307,0.782778864970646,3.13111545988258,5.0880626223092,1.95694716242661,3.91389432485323,9.58904109589041
"166","2017","CVP-Fraktion",343,13.4110787172012,9.32944606413994,6.99708454810496,27.4052478134111,7.28862973760933,3.2069970845481,15.4518950437318,4.08163265306122,9.91253644314869,9.62099125364431,6.70553935860058,15.7434402332362,3.49854227405248,4.3731778425656,6.70553935860058,2.33236151603499,14.5772594752187,10.2040816326531,14.868804664723,2.91545189504373,18.9504373177843,0.87463556851312,0.87463556851312,2.91545189504373,4.95626822157434,0.87463556851312,0.291545189504373,5.53935860058309
"167","2017","FDP-Liberale Fraktion",266,3.7593984962406,8.64661654135338,4.51127819548872,30.0751879699248,8.27067669172932,5.26315789473684,18.4210526315789,11.2781954887218,5.6390977443609,5.6390977443609,7.89473684210526,9.3984962406015,6.76691729323308,4.88721804511278,4.13533834586466,3.7593984962406,24.0601503759398,12.0300751879699,7.5187969924812,4.88721804511278,21.0526315789474,0.75187969924812,1.50375939849624,6.01503759398496,1.8796992481203,0.37593984962406,1.50375939849624,4.13533834586466
"168","2017","Fraktion BD",44,4.54545454545455,13.6363636363636,11.3636363636364,22.7272727272727,6.81818181818182,4.54545454545455,20.4545454545455,4.54545454545455,13.6363636363636,2.27272727272727,11.3636363636364,20.4545454545455,4.54545454545455,4.54545454545455,11.3636363636364,2.27272727272727,0,4.54545454545455,11.3636363636364,6.81818181818182,13.6363636363636,2.27272727272727,0,2.27272727272727,13.6363636363636,0,0,9.09090909090909
"169","2017","Fraktion der Schweizerischen Volkspartei",682,12.316715542522,13.049853372434,12.6099706744868,15.2492668621701,5.86510263929619,6.01173020527859,21.1143695014663,6.59824046920821,8.35777126099707,26.3929618768328,6.3049853372434,10.9970674486804,2.05278592375367,5.42521994134897,2.05278592375367,2.34604105571848,8.06451612903226,8.06451612903226,7.62463343108504,1.61290322580645,23.3137829912023,3.51906158357771,0.733137829912023,2.93255131964809,8.35777126099707,1.02639296187683,0.586510263929619,2.63929618768328
"170","2017","Grüne Fraktion",197,17.258883248731,15.2284263959391,3.04568527918782,19.7969543147208,7.61421319796954,11.6751269035533,10.1522842639594,4.56852791878173,14.2131979695431,11.1675126903553,3.55329949238579,12.6903553299492,1.01522842639594,0.50761421319797,3.55329949238579,6.09137055837563,11.6751269035533,9.13705583756345,32.994923857868,8.12182741116751,12.6903553299492,1.52284263959391,0.50761421319797,4.56852791878173,6.5989847715736,0.50761421319797,2.03045685279188,10.1522842639594
"171","2017","Grünliberale Fraktion",66,3.03030303030303,7.57575757575758,1.51515151515152,25.7575757575758,7.57575757575758,12.1212121212121,12.1212121212121,7.57575757575758,9.09090909090909,1.51515151515152,10.6060606060606,15.1515151515152,3.03030303030303,3.03030303030303,3.03030303030303,6.06060606060606,15.1515151515152,22.7272727272727,37.8787878787879,13.6363636363636,13.6363636363636,0,0,3.03030303030303,1.51515151515152,0,0,0
"172","2017","Sozialdemokratische Fraktion",532,19.3609022556391,12.781954887218,5.07518796992481,21.4285714285714,9.96240601503759,3.7593984962406,16.9172932330827,8.08270676691729,16.7293233082707,5.45112781954887,5.07518796992481,19.7368421052632,3.38345864661654,3.00751879699248,6.20300751879699,4.51127819548872,12.218045112782,9.02255639097744,9.3984962406015,2.44360902255639,17.4812030075188,1.50375939849624,0.56390977443609,4.88721804511278,8.45864661654135,0.18796992481203,1.31578947368421,11.2781954887218
"174","2018","CVP-Fraktion",196,9.18367346938776,6.63265306122449,3.57142857142857,26.0204081632653,8.16326530612245,5.61224489795918,19.8979591836735,6.63265306122449,12.7551020408163,5.61224489795918,6.12244897959184,18.3673469387755,3.57142857142857,5.10204081632653,11.734693877551,3.06122448979592,26.0204081632653,21.9387755102041,10.2040816326531,3.57142857142857,27.0408163265306,0.510204081632653,1.53061224489796,3.57142857142857,8.6734693877551,1.53061224489796,1.02040816326531,4.59183673469388
"175","2018","FDP-Liberale Fraktion",174,7.47126436781609,6.32183908045977,5.74712643678161,21.264367816092,11.4942528735632,4.59770114942529,18.9655172413793,5.74712643678161,6.89655172413793,6.89655172413793,5.74712643678161,14.367816091954,3.44827586206897,4.02298850574713,7.47126436781609,1.14942528735632,32.183908045977,24.7126436781609,4.02298850574713,5.17241379310345,37.3563218390805,1.72413793103448,4.59770114942529,5.17241379310345,5.17241379310345,0.574712643678161,0,2.29885057471264
"176","2018","Fraktion BD",28,25,32.1428571428571,0,32.1428571428571,3.57142857142857,7.14285714285714,14.2857142857143,0,7.14285714285714,3.57142857142857,7.14285714285714,10.7142857142857,0,3.57142857142857,3.57142857142857,3.57142857142857,10.7142857142857,14.2857142857143,7.14285714285714,3.57142857142857,10.7142857142857,0,3.57142857142857,0,0,0,14.2857142857143,14.2857142857143
"177","2018","Fraktion der Schweizerischen Volkspartei",307,9.77198697068404,8.46905537459283,11.400651465798,12.0521172638436,10.7491856677524,4.23452768729642,27.0358306188925,3.58306188925081,8.14332247557003,21.1726384364821,5.86319218241042,16.2866449511401,0.977198697068404,4.56026058631922,2.60586319218241,2.60586319218241,13.3550488599349,14.3322475570033,6.51465798045603,2.93159609120521,29.3159609120521,2.93159609120521,3.58306188925081,3.25732899022801,9.77198697068404,0.651465798045603,1.62866449511401,2.28013029315961
"178","2018","Grüne Fraktion",134,16.4179104477612,17.1641791044776,2.98507462686567,23.134328358209,5.97014925373134,8.2089552238806,14.1791044776119,2.23880597014925,12.6865671641791,8.2089552238806,3.73134328358209,21.6417910447761,0.746268656716418,5.97014925373134,2.23880597014925,1.49253731343284,12.6865671641791,8.2089552238806,25.3731343283582,11.9402985074627,23.134328358209,3.73134328358209,2.23880597014925,2.98507462686567,4.47761194029851,2.98507462686567,3.73134328358209,15.6716417910448
"179","2018","Grünliberale Fraktion",40,2.5,12.5,2.5,17.5,10,2.5,17.5,0,12.5,2.5,2.5,25,2.5,0,2.5,5,17.5,7.5,25,17.5,25,0,2.5,10,0,0,0,5
"180","2018","Sozialdemokratische Fraktion",294,17.687074829932,12.9251700680272,4.08163265306122,22.7891156462585,9.86394557823129,4.76190476190476,22.108843537415,6.12244897959184,12.5850340136054,3.40136054421769,5.4421768707483,25.8503401360544,3.06122448979592,3.40136054421769,4.08163265306122,3.74149659863946,13.6054421768707,10.5442176870748,12.5850340136054,4.42176870748299,25.8503401360544,2.38095238095238,2.72108843537415,3.74149659863946,4.76190476190476,0.680272108843537,3.74149659863946,7.82312925170068
